真实排名,原参谋排名,商品ID,商品标题,所属店铺,支付金额(元),支付件数,支付买家数,客单价,主图透出价格,核心卖点标签,营销文案标签,主图排版视觉风格,1.8米直达规格链接,商品详情标准链接,高清主图原图地址,对应本地主图文件名,主图完整OCR识别文案
1,1,20719504509,月光之家乳胶床垫家用独立弹簧软垫儿童黄麻棕硬护腰席梦思1.8米,moonlightfamily旗舰店,253796.46,150,136,"1,866.15",未透出,护脊偏硬支撑 | 天然乳胶 | 环保椰棕/黄麻,平台/政府大额补贴 | 免费试睡保障 | 热销爆款背书 | 花呗免息分期 | 官方正品权威背书,促销大字报冲击型,https://detail.tmall.com/item.htm?id=20719504509&sku_properties=21433:50753460,https://detail.tmall.com/item.htm?id=20719504509,https://img.alicdn.com/bao/uploaded/i2/919851856/O1CN01sVHPWB5zLED32pKq_!!4611686018427384656-0-item_pic.jpg,20719504509.jpg,Moonlight family ONNOON 月光之家 家装节 FAMILY 0胶+5A双认证 Moonlight family Moonlight family 优惠可叠加 政府补贴官方立减惊喜红包 88VIP Doonlight family 200天免费试睡 15% 12% 150 20年超长质保 3期免息 价保100天 免费取旧 天猫榜单 48小时顺丰速发 SF 热销榜好评榜
2,2,676435752637,睡眠骑士梦舒乳胶五星级酒店床垫席梦思记忆棉加厚30cm厚家用软垫,睡眠骑士床垫企业店,129507.86,77,63,"2,055.68",未透出,天然乳胶 | 零压记忆棉,免费试睡保障 | 买赠高价值赠品 | 花呗免息分期 | 官方正品权威背书,标准电商综合展示型,https://detail.tmall.com/item.htm?id=676435752637&sku_properties=21433:50753460,https://detail.tmall.com/item.htm?id=676435752637,https://img.alicdn.com/bao/uploaded/i4/720743073/O1CN01OAeAQh1YZUESKorAz_!!720743073.jpg,676435752637.jpg,SLEEP° 睡眠骑士 官方优选 KNIGHT 五星级酒店专供 ☆☆☆☆☆ SleepKnigh 30CM 200天免费试睡|20年超长质保 加厚超软 48小时顺丰速发 部分尺寸 及地区 花呗分期免息 365天免费仓储 免费送货到家
3,3,746683178170,悠梦思乳胶床垫独立弹簧1.5米1.8五星酒店席梦思软硬两用厚款定制,yarges悠梦思旗舰店,86222.75,92,79,"1,091.43",未透出,天然乳胶 | 双面双睡感/可拆洗,平台/政府大额补贴 | 免费试睡保障 | 买赠高价值赠品 | 花呗免息分期 | 官方正品权威背书,促销大字报冲击型,https://detail.tmall.com/item.htm?id=746683178170&sku_properties=21433:50753460,https://detail.tmall.com/item.htm?id=746683178170,https://img.alicdn.com/bao/uploaded/i1/2215907225135/O1CN01UYps14fxinI2vH2e_!!4611686018427383343-0-item_pic.jpg,746683178170.jpg,YARGES悠梦思 官方5A质量等级认证 101天真正免费试睡 88 YARGES|悠梦思 活动下单即享 折 88消费券 （立即抢购无需凑单） 限时立享至高减150元 88VIP可用 数量有限详情咨询客服 天猫家装节 抢 政府补贴15% 因地区差异，补贴信息详情请见支付页面！ 官方立减12% 下单入会“抢 99 舒睡枕x2 48小时顺丰速发 质保20年 限部分 尺寸地区 免费送货到家 分期免息 1365天免费仓储
4,4,45590433293,铂马仕独立弹簧床垫乳胶席梦思软垫椰棕垫护脊偏硬家用双人1.8米,铂马仕旗舰店,85084.55,60,47,"1,810.31",未透出,护脊偏硬支撑 | 天然乳胶 | 环保椰棕/黄麻,平台/政府大额补贴 | 免费试睡保障 | 官方正品权威背书,促销大字报冲击型,https://detail.tmall.com/item.htm?id=45590433293&sku_properties=21433:50753460,https://detail.tmall.com/item.htm?id=45590433293,https://img.alicdn.com/bao/uploaded/i4/2165873208/O1CN01OpjK0QUdjHB2vH2e_!!4611686018427386424-0-item_pic.jpg,45590433293.jpg,铂马仕 家装节 POMOSER 德国品质 20年不塌+5A双认证 1886颗专利迷你感应小弹簧 POMOSER Pomosermseepwell Pomoser mseepwell Pomoser seepwell asoo eepwell Pomose soo POMOSER 42% 4重补贴优惠至高直降 150元 政府补贴 官方补贴 惊喜红包 满1500元可用 + 立减15%+立减12% 88VIP专享券 详见支付页面 可叠加店铺券 官方 200天 真正免费试睡 20年 超长质保 Free 抽检认证 48小时顺丰速发S 发货时效 限部分 尺寸地区
5,5,25956076042,月光之家乳胶床垫超薄款家庭用15cm软硬独立弹簧席梦思10厘米1.8m,moonlightfamily旗舰店,48734.59,31,29,"1,680.50",未透出,天然乳胶,平台/政府大额补贴 | 免费试睡保障 | 花呗免息分期 | 官方正品权威背书,促销大字报冲击型,https://detail.tmall.com/item.htm?id=25956076042&sku_properties=21433:50753460,https://detail.tmall.com/item.htm?id=25956076042,https://img.alicdn.com/bao/uploaded/i3/919851856/O1CN01zqetc0bHjlI32pKq_!!4611686018427384656-0-item_pic.jpg,25956076042.jpg,Moonlight family MOONLICHT 月光之家 家装节 FAMILY 超薄迷你弹簧床垫 软硬齐全厚度10-20CM 优惠可叠加 政府补贴官方立减惊喜红包 88VIP 200天免费试睡 15% 12% 150 20年超长质保 3期免息 价保100天 免费取旧 顺丰 SF 0胶+5A双重认证 到家
6,6,783167304430,麻师傅全拆薄S形天然黄麻床垫1.8米家用10cm儿童老人护脊加硬椰棕,麻师傅家具旗舰店,43560.98,44,39,"1,116.95",未透出,护脊偏硬支撑 | 环保椰棕/黄麻,平台/政府大额补贴,促销大字报冲击型,https://detail.tmall.com/item.htm?id=783167304430&sku_properties=21433:50753460,https://detail.tmall.com/item.htm?id=783167304430,https://img.alicdn.com/bao/uploaded/i3/2217706005293/O1CN01OkVRVoHd0ZK1chua_!!4611686018427380525-0-item_pic.jpg,783167304430.jpg,麻师傅 ? 6-20cm黄麻床垫 偏硬护脊腰轻松 政府补贴 15% 家装节 12% 48小时 中青年/老人/孕童 顺丰发货
7,7,15290005941,月光之家天然黄麻床垫子家用儿童硬薄全拆乳胶椰棕1.8m榻榻米定制,moonlightfamily旗舰店,33367.27,28,23,"1,450.75",未透出,天然乳胶 | 环保椰棕/黄麻,平台/政府大额补贴 | 免费试睡保障 | 热销爆款背书 | 花呗免息分期 | 官方正品权威背书,促销大字报冲击型,https://detail.tmall.com/item.htm?id=15290005941&sku_properties=21433:50753460,https://detail.tmall.com/item.htm?id=15290005941,https://img.alicdn.com/bao/uploaded/i3/919851856/O1CN01MGQTLIsLJgD32pKq_!!4611686018427384656-0-item_pic.jpg,15290005941.jpg,Moonlightfamily ONNOON 家装节 FAMILY 月光之家 O胶 全拆可洗软硬可调 累计爆卖超9万张 优惠可叠加 政府补贴官方立减惊喜红包 88VIP 200天免费试睡 15% 12% 150 20年超长质保 3期免息 价保100天 免费取旧 天猫榜单 48小时顺丰速发 SF 热销榜好评榜
8,8,650423226539,派乐熊儿童专用床垫护脊0胶弹簧偏硬席梦思青少年家用甲醛无超标,派乐熊儿童床垫品牌店,28943.86,24,17,"1,702.58",未透出,护脊偏硬支撑,平台/政府大额补贴,促销大字报冲击型 | 产品材质分层结构拆解型,https://detail.tmall.com/item.htm?id=650423226539&sku_properties=21433:50753460,https://detail.tmall.com/item.htm?id=650423226539,https://img.alicdn.com/bao/uploaded/i1/371424161/O1CN01W79SKTig1fL1chua_!!371424161.jpg,650423226539.jpg,派乐熊×专注儿童健康睡眠 面料层全拆可清洗 15% 政府补贴 因地区差异，补贴(优惠）信息详见支付页面 家装节 88VIP消费券 2W 立减12% 88VIP专享 儿童 美国出口品质+5A双认证 双线加固独立弹簧 专用
9,9,40640084764,儿童护脊黄麻乳胶床垫家用环保席梦思高低床天然椰棕垫1.2m折叠,铂马仕旗舰店,28801.18,28,25,"1,152.05",￥500,护脊偏硬支撑 | 天然乳胶 | 环保椰棕/黄麻,平台/政府大额补贴 | 免费试睡保障 | 买赠高价值赠品 | 官方正品权威背书,促销大字报冲击型,https://detail.tmall.com/item.htm?id=40640084764&sku_properties=21433:50753460,https://detail.tmall.com/item.htm?id=40640084764,https://img.alicdn.com/bao/uploaded/i2/2165873208/O1CN01jrRP6b6X3XC2vH2e_!!4611686018427386424-0-item_pic.jpg,40640084764.jpg,铂马仕 家装节 POMOSER 儿童S黄麻床垫 A类母婴标准 拒绝胶水甲醛 双重补贴拍不立减！ 惊喜红包限时抢！ 政府补贴 官方补贴 惊喜红包 88折消费券 立减15% 立减12% 不止9折至高减500元 详见支付页面 可叠加店铺券 88VIP可用 送 单品直降约 现货速发顺丰到家 限部分 咨询 抢舒睡枕X2 尺寸地区 37% 200天真正免费试睡
10,10,691510768993,睡眠骑士乳胶床垫五星级酒店薄款独立弹簧10cm席梦思15cm家用公分,睡眠骑士床垫企业店,28759.0,17,16,"1,797.44",未透出,天然乳胶,免费试睡保障 | 买赠高价值赠品 | 花呗免息分期 | 官方正品权威背书,标准电商综合展示型,https://detail.tmall.com/item.htm?id=691510768993&sku_properties=21433:50753460,https://detail.tmall.com/item.htm?id=691510768993,https://img.alicdn.com/bao/uploaded/i4/720743073/O1CN01Nea37OVgfpB2vH2e_!!720743073.jpg,691510768993.jpg,SLEEP 官方优选 睡眠骑士 KNIGHT 超薄独立弹簧床垫 可选厚度10/12/15厘米 9-15CM 200天免费试睡 20年超长质保 酒店睡感 SF 48小时顺丰速发 部分尺寸 及地区 花呗分期免息 365天免费仓储 免费送货到家
11,11,728968513494,派乐熊全拆儿童床垫护脊加密弹簧青少年学生家用席梦思0胶水工艺,派乐熊旗舰店,22195.17,15,15,"1,479.68",未透出,护脊偏硬支撑,平台/政府大额补贴,促销大字报冲击型,https://detail.tmall.com/item.htm?id=728968513494&sku_properties=21433:50753460,https://detail.tmall.com/item.htm?id=728968513494,https://img.alicdn.com/bao/uploaded/i2/2215984907648/O1CN0111kTrXcHdmJ1chua_!!4611686018427381120-0-item_pic.jpg,728968513494.jpg,派乐熊×专注儿童健康睡眠 2160加密酷布小弹簧 15% 政府补贴 因地区差异，补贴(优惠)信息详见支付页面 家装节 88VIP消费券 立减12% 88VIP专享 A类 美国出口品质+5A双认证 纯棉 全拆软硬睡感可调节
12,12,893138674729,麻师傅天然S形黄麻床垫叠加软床专用加硬神器儿童老人护腰脊椰棕,麻师傅家具旗舰店,18830.49,26,25,753.22,未透出,护脊偏硬支撑 | 环保椰棕/黄麻,平台/政府大额补贴,促销大字报冲击型,https://detail.tmall.com/item.htm?id=893138674729&sku_properties=21433:50753460,https://detail.tmall.com/item.htm?id=893138674729,https://img.alicdn.com/bao/uploaded/i4/2217706005293/O1CN01GSqhqusyJaG1chua_!!4611686018427380525-0-item_pic.jpg,893138674729.jpg,麻师傅 ? 软垫加硬神器 3-5cm硬黄麻床垫 政府补贴 15% + 家装节 12% 48小时 青年/老人/孕婴童 顺丰发货
13,13,521995661165,月光之家五星级酒店乳胶床垫家庭用超软独立弹簧席梦思1.8米加厚,moonlightfamily旗舰店,16502.0,9,7,"2,357.43",未透出,天然乳胶,平台/政府大额补贴 | 免费试睡保障 | 花呗免息分期 | 官方正品权威背书,促销大字报冲击型,https://detail.tmall.com/item.htm?id=521995661165&sku_properties=21433:50753460,https://detail.tmall.com/item.htm?id=521995661165,https://img.alicdn.com/bao/uploaded/i4/919851856/O1CN01Cx58UXUGLTG32pKq_!!4611686018427384656-0-item_pic.jpg,521995661165.jpg,Moonlight family MOONLICHT 月光之家 家装节 FAMILY 超软五星级酒店睡感 超软偏软厚度22-30CM Olenguyong 用光之家·品保 Moonlight family THSISAHOTSELING MATTRESS 优惠可叠加 政府补贴官方立减惊喜红包 88VIP 200天免费试睡 15% 12% 150 20年超长质保 3期免息 价保100天 免费取旧 顺丰 SF 0胶+5A双重认证 到家
14,14,871914448139,派乐熊儿童专用床垫加密独立袋弹簧青少年偏硬护脊席梦思学生家用,PARELER BEAR旗舰店,16088.84,16,14,"1,149.20",未透出,护脊偏硬支撑 | 独立袋装弹簧,平台/政府大额补贴,促销大字报冲击型,https://detail.tmall.com/item.htm?id=871914448139&sku_properties=21433:50753460,https://detail.tmall.com/item.htm?id=871914448139,https://img.alicdn.com/bao/uploaded/i4/2219146481808/O1CN016zbwYtFXi1C1chua_!!4611686018427383952-0-item_pic.jpg,871914448139.jpg,派乐熊×专注儿童健康睡眠 2160颗专利儿童小弹簧 派东 15% 政府补贴 因地区差异，补贴(优惠)信息详见支付页面 家装节 88VIP消费券 立减12% 88VIP专享 儿童 美国出口品质+5A双认证 专用 静音护脊加密独立袋弹簧
15,15,866382200003,甜蜜睡眠床垫马尾毛手工拉扣席梦思独立袋装弹簧乳胶护脊卧室家用,甜蜜睡眠旗舰店,15695.06,5,5,"3,139.01",未透出,护脊偏硬支撑 | 天然乳胶 | 独立袋装弹簧,平台/政府大额补贴 | 买赠高价值赠品 | 花呗免息分期 | 官方正品权威背书,促销大字报冲击型,https://detail.tmall.com/item.htm?id=866382200003&sku_properties=21433:50753460,https://detail.tmall.com/item.htm?id=866382200003,https://img.alicdn.com/bao/uploaded/i3/2215897735682/O1CN01XfXIupbAQvG2R3rs_!!4611686018427380226-0-item_pic.jpg,866382200003.jpg,甜蜜睡眠丨暮云系列 家装节 Tianmishuimian 母婴级环保 通过280余项检测认证 0胶床垫 政府补贴！！ 15% 9折券 无门槛消费券（至高减150） 88VIP专享 甜蜜睡眠 Zzz sweet seep matress 2件再享折上折，买越多省越多！ 综合补贴到手价： 政府 官方 店铺 至高省 38% 2018 ? + + 补贴 立减 优惠 起 全国送货入户 赠大件运费险 花呗分期免息 365天免费囤货
16,16,616295938570,睡眠骑士乳胶超软席梦思床垫独立弹簧30cm加厚五星级酒店软垫2米,睡眠骑士床垫企业店,15605.0,9,6,"2,600.83",未透出,天然乳胶,免费试睡保障 | 买赠高价值赠品 | 花呗免息分期 | 官方正品权威背书,标准电商综合展示型,https://detail.tmall.com/item.htm?id=616295938570&sku_properties=21433:50753460,https://detail.tmall.com/item.htm?id=616295938570,https://img.alicdn.com/bao/uploaded/i3/720743073/O1CN01KVWZQp1YZUESRP0qh_!!720743073.jpg,616295938570.jpg,"SLEEP"""" 睡眠骑士 官方优选 KNIGHT 五星级酒店床垫 加厚乳胶|奢享睡感 30CM 200天免费试睡|20年超长质保 加厚超软 48小时顺丰速发 部分尺寸 及地区 花呗分期免息 365天免费仓储 免费送货到家"
17,17,685270598397,睡眠骑士五星酒店席梦思款床垫15cm厚乳胶记忆棉家用软垫20cm双面,睡眠骑士床垫企业店,15468.84,9,8,"1,933.61",未透出,天然乳胶 | 零压记忆棉 | 双面双睡感/可拆洗,免费试睡保障 | 买赠高价值赠品 | 花呗免息分期 | 官方正品权威背书,标准电商综合展示型,https://detail.tmall.com/item.htm?id=685270598397&sku_properties=21433:50753460,https://detail.tmall.com/item.htm?id=685270598397,https://img.alicdn.com/bao/uploaded/i1/720743073/O1CN01TgnPdW1YZUESnw6Gt_!!720743073.jpg,685270598397.jpg,SLEEP° 睡眠骑士 官方优选 KNIGHT 五星级酒店床垫 厚度:20/22/24cm 15-24cm 200天免费试睡|20年超长质保 酒店睡感 现货速发顺丰送到家 部分尺寸 及地区 花呗分期免息 365天免费仓储 免费送货到家
18,18,788140809544,15公分薄独立袋弹簧床垫家用10cm12含乳胶黄麻儿童榻榻米席梦思,麻师傅家具旗舰店,12044.16,13,11,"1,094.92",未透出,天然乳胶 | 独立袋装弹簧 | 环保椰棕/黄麻,平台/政府大额补贴,促销大字报冲击型,https://detail.tmall.com/item.htm?id=788140809544&sku_properties=21433:50753460,https://detail.tmall.com/item.htm?id=788140809544,https://img.alicdn.com/bao/uploaded/i4/2217706005293/O1CN014s1wi9Dml7L1chua_!!4611686018427380525-0-item_pic.jpg,788140809544.jpg,麻师傅 ? 10-15cm薄弹簧床垫 软硬适中不咯腰 政府补贴 15% M 家装节 12% 72小 小时 高箱\储物\榻榻米 顺丰发货
19,19,639619273082,【睡眠骑士呼呼】儿童床垫 青少年S黄麻榻榻米硬垫乳胶护脊上下铺,睡眠骑士床垫企业店,11792.0,9,9,"1,310.22",未透出,护脊偏硬支撑 | 天然乳胶 | 环保椰棕/黄麻 | 抗菌防螨健康,免费试睡保障 | 买赠高价值赠品 | 花呗免息分期 | 官方正品权威背书,标准电商综合展示型,https://detail.tmall.com/item.htm?id=639619273082&sku_properties=21433:50753460,https://detail.tmall.com/item.htm?id=639619273082,https://img.alicdn.com/bao/uploaded/i4/720743073/O1CN01sfmNoR1YZUGUkKiyY_!!720743073.jpg,639619273082.jpg,SLEEP. 睡眠骑士 官方优选 KNIGHT 呼呼款·0胶水床垫 S型黄麻内芯|抑菌防螨 15-24CM 现货速发顺丰送到家 SF 加硬护脊 部分尺寸及地区详情咨询客服 200天免费试睡 花呗分期免息 365天免费仓储 免费送货到家
20,20,1025218536548,派乐熊儿童全拆S形黄麻床垫学生宿舍上下铺加硬护脊青少年榻榻米,PARELER BEAR旗舰店,9919.92,11,9,"1,102.21",未透出,护脊偏硬支撑 | 环保椰棕/黄麻 | 双面双睡感/可拆洗,平台/政府大额补贴,促销大字报冲击型,https://detail.tmall.com/item.htm?id=1025218536548&sku_properties=21433:50753460,https://detail.tmall.com/item.htm?id=1025218536548,https://img.alicdn.com/bao/uploaded/i1/2219146481808/O1CN01JKXQgJFF7zJ1chua_!!4611686018427383952-0-item_pic.jpg,1025218536548.jpg,派乐熊×专注儿童健康睡眠 全拆儿童S形黄麻床垫 15% 政府补贴 因地区差异，补贴(优惠)信息详见支付页面 家装节 88VIP消费券 立减12% 88VIP专享 儿童 美国出口品质+5A双认证 专用 榻榻米/上下铺/折叠可定制
21,21,1046478563403,月光之家全拆家庭用床垫薄款独立弹簧乳胶记忆棉黄麻席梦思1.8米,moonlightfamily旗舰店,9763.08,6,5,"1,952.62",未透出,天然乳胶 | 环保椰棕/黄麻 | 零压记忆棉,平台/政府大额补贴 | 免费试睡保障 | 花呗免息分期 | 官方正品权威背书,促销大字报冲击型,https://detail.tmall.com/item.htm?id=1046478563403&sku_properties=21433:50753460,https://detail.tmall.com/item.htm?id=1046478563403,https://img.alicdn.com/bao/uploaded/i3/919851856/O1CN016GUsCkB01pF32pKq_!!4611686018427384656-0-item_pic.jpg,1046478563403.jpg,Moonlight family MOONLICHT 月光之家 家装节 FAMILY 超薄全拆弹簧床垫 软硬可调厚度12-20CM 优惠可叠加 政府补贴官方立减惊喜红包 88VIP 200天免费试睡 15% 12% 150 20年超长质保 3期免息 价保100天 免费取旧 顺丰 SF 0胶+5A双重认证 到家
22,22,730136503602,派乐熊儿童全拆S形黄麻床垫学生宿舍上下铺加硬护脊青少年榻榻米,派乐熊旗舰店,9414.69,12,10,941.47,未透出,护脊偏硬支撑 | 环保椰棕/黄麻 | 双面双睡感/可拆洗,平台/政府大额补贴,促销大字报冲击型,https://detail.tmall.com/item.htm?id=730136503602&sku_properties=21433:50753460,https://detail.tmall.com/item.htm?id=730136503602,https://img.alicdn.com/bao/uploaded/i2/2215984907648/O1CN015fWAEm1c4xL1chua_!!4611686018427381120-0-item_pic.jpg,730136503602.jpg,派乐熊×专注儿童健康睡眠 全拆儿童S形黄麻床垫 15% 政府补贴 因地区差异，补贴(优惠)信息详见支付页面 家装节 88VIP消费券 立减12% 88VIP专享 儿童 美国出口品质+5A双认证 专用 榻榻米/上下铺/折叠可定制
23,23,693457489039,派乐熊儿童全拆S形黄麻床垫学生宿舍上下铺加硬护脊青少年榻榻米,派乐熊儿童床垫品牌店,8684.94,10,7,"1,240.71",未透出,护脊偏硬支撑 | 环保椰棕/黄麻 | 双面双睡感/可拆洗,平台/政府大额补贴,促销大字报冲击型,https://detail.tmall.com/item.htm?id=693457489039&sku_properties=21433:50753460,https://detail.tmall.com/item.htm?id=693457489039,https://img.alicdn.com/bao/uploaded/i4/371424161/O1CN01GAKVgwkHy2L1chua_!!371424161.jpg,693457489039.jpg,派乐熊×专注儿童健康睡眠 全拆儿童S形黄麻床垫 15% 政府补贴 因地区差异，补贴(优惠)信息详见支付页面 家装节 88VIP消费券 立减12% 88VIP专享 儿童 美国出口品质+5A双认证 专用 榻榻米/上下铺/折叠可定制
24,24,816598391499,凯菲露乳胶床垫独立弹簧卧室家用防塌护脊黄麻硬垫22cm厚酒店睡感,凯菲露家具旗舰店,8600.04,8,5,"1,720.01",未透出,护脊偏硬支撑 | 天然乳胶 | 环保椰棕/黄麻 | 智能调节深睡,平台/政府大额补贴 | 免费试睡保障 | 免费送装一体 | 热销爆款背书 | 买赠高价值赠品 | 官方正品权威背书,促销大字报冲击型,https://detail.tmall.com/item.htm?id=816598391499&sku_properties=21433:50753460,https://detail.tmall.com/item.htm?id=816598391499,https://img.alicdn.com/bao/uploaded/i4/2218234661637/O1CN01GSWXKUkhxHF1chua_!!4611686018427382533-0-item_pic.jpg,816598391499.jpg,KKAIFEL凯菲露×天猫家装节 官方5A质量等级认证 本店销量 TOP1 评价有礼 ￥20 咨询客服领 KAIFEL 评价有礼 返20元红包 抢 多重优惠 全店立减12% 政府补贴15% 150元券 咨询客服享好礼 叠加立减 限时补贴拍下立减 下拉详情了解更多 + 88VIP消费券 叠加至高减 原生黄麻拒绝甲醛无惧塌陷 48% 顺丰速发送货上楼 限部分 100天真正免费试睡 尺寸地区
25,25,826409177301,睡眠骑士乳胶床垫硬垫30cm厚加硬独立袋弹簧五星级酒店黄麻护脊,睡眠骑士床垫企业店,8529.0,5,3,"2,843.00",未透出,护脊偏硬支撑 | 天然乳胶 | 独立袋装弹簧 | 环保椰棕/黄麻,免费试睡保障 | 买赠高价值赠品 | 花呗免息分期 | 官方正品权威背书,产品材质分层结构拆解型,https://detail.tmall.com/item.htm?id=826409177301&sku_properties=21433:50753460,https://detail.tmall.com/item.htm?id=826409177301,https://img.alicdn.com/bao/uploaded/i3/720743073/O1CN016MZ9Zc1YZUESmXEAG_!!720743073.jpg,826409177301.jpg,SLEEP° 睡眠骑士 官方优选 KNIGHT 五星级护脊撑腰 3D支撑层|加硬护脊 30CM 200天免费试睡 |20年超长质保 加硬护脊 现货速发 顺丰送到家 部分尺寸 及地区 花呗分期免息 365天免费仓储 免费送货到家
26,26,1060750230053,麻师傅中老年人护腰脊神器偏硬黄麻独立弹簧床垫家用席梦思20cm厚,麻师傅诺隆专卖店,8303.0,8,7,"1,186.14",未透出,护脊偏硬支撑 | 环保椰棕/黄麻,平台/政府大额补贴,促销大字报冲击型,https://detail.tmall.com/item.htm?id=1060750230053&sku_properties=21433:50753460,https://detail.tmall.com/item.htm?id=1060750230053,https://img.alicdn.com/bao/uploaded/i1/2221163466073/O1CN01ksG3Gliph2I21stE_!!4611686018427383129-0-item_pic.jpg,1060750230053.jpg,麻师傅 ? 中老年专用 硬弹簧床垫 政府补贴 15% + 家装节 12% 顺丰 加硬护脊腰轻松 发货
27,27,878994904392,悠梦思酒店弹簧床垫15cm薄乳胶黄麻1.8席梦思家用椰棕垫子软垫,yarges悠梦思旗舰店,7577.05,7,7,"1,082.44",未透出,天然乳胶 | 环保椰棕/黄麻,平台/政府大额补贴 | 免费试睡保障 | 买赠高价值赠品 | 花呗免息分期 | 官方正品权威背书,促销大字报冲击型,https://detail.tmall.com/item.htm?id=878994904392&sku_properties=21433:50753460,https://detail.tmall.com/item.htm?id=878994904392,https://img.alicdn.com/bao/uploaded/i4/2215907225135/O1CN01ybay1s2BLBH2vH2e_!!4611686018427383343-0-item_pic.jpg,878994904392.jpg,YARGES悠梦思 15cm薄弹簧床垫 101天真正免费试睡 88 活动下单即享 折 YARGES悠梦思 88消费券 （立即抢购无需凑单） 限时立享至高减150元 88VIP可用 数量有限详情咨询客服 天猫家装节 抢 政府补贴15% 因地区差异，补贴信息详情请见支付页面！ 官方立减12% 下单入会“抢 99 舒睡枕x2 现货下单顺丰速发 质保20年 限部分 尺寸地区 免费送货到家 分期免息 1365天免费仓储
28,28,640048898334,睡眠骑士儿童床垫0胶0甲醛护脊偏硬20cm独立袋弹簧乳胶青少年专用,睡眠骑士床垫企业店,7260.0,5,5,"1,452.00",未透出,护脊偏硬支撑 | 天然乳胶 | 独立袋装弹簧 | 环保椰棕/黄麻 | 亲肤透气面料,免费试睡保障 | 买赠高价值赠品 | 花呗免息分期 | 官方正品权威背书,标准电商综合展示型,https://detail.tmall.com/item.htm?id=640048898334&sku_properties=21433:50753460,https://detail.tmall.com/item.htm?id=640048898334,https://img.alicdn.com/bao/uploaded/i1/720743073/O1CN01l2ghWxskjeD2vH2e_!!720743073.jpg,640048898334.jpg,SLEEP 官方优选 睡眠骑士 KNIGHT 呼呼款 TOHELLWITH i9ooz 透气支撑·儿童床垫 空气纤维一天然黄麻 10-24CM 现货速发顺丰送到家 SF 加硬护脊 部分尺寸及地区详情咨询客服 200天免费试睡 花呗分期免息 365天免费仓储 免费送货到家
29,29,721092643270,睡眠骑士记忆棉床垫五星级酒店床垫卧室加厚乳胶30cm厚家用软垫,睡眠骑士床垫企业店,6678.0,4,4,"1,669.50",未透出,天然乳胶 | 零压记忆棉,免费试睡保障 | 买赠高价值赠品 | 花呗免息分期 | 官方正品权威背书,标准电商综合展示型,https://detail.tmall.com/item.htm?id=721092643270&sku_properties=21433:50753460,https://detail.tmall.com/item.htm?id=721092643270,https://img.alicdn.com/bao/uploaded/i1/720743073/O1CN01LUfxMa1YZUESUoVg9_!!720743073.jpg,721092643270.jpg,SLEEP° 睡眠骑士 官方优选 KNIGHT 记忆棉酒店床垫 舒适睡感5CM记忆棉 uydogs 30CM 200天免费试睡 20年超长质保 加厚贴合 现货速发 顺丰送到家 部分尺寸 及地区 花呗分期免息 365天免费仓储 免费送货到家
30,30,1051956336669,麻师傅全拆席梦思床垫酷布独立袋弹簧酒店记忆棉乳胶软硬可调家用,麻师傅舒梦专卖店,6571.92,6,6,"1,095.32",未透出,天然乳胶 | 独立袋装弹簧 | 零压记忆棉,平台/政府大额补贴 | 买赠高价值赠品,促销大字报冲击型,https://detail.tmall.com/item.htm?id=1051956336669&sku_properties=21433:50753460,https://detail.tmall.com/item.htm?id=1051956336669,https://img.alicdn.com/bao/uploaded/i4/2221247863396/O1CN01FCGZvfuX4wB1chua_!!4611686018427386468-0-item_pic.jpg,1051956336669.jpg,麻师傅 ? 全拆软硬睡感可调节 政府补贴 15% + 家装节 12% Masu岛傅 拒绝 下单赠送大件运费险 甲醛 静音酷布独立袋弹簧
31,31,42242821658,铂马仕 加厚进口乳胶床垫 超软席梦思弹簧床垫1.5m 1.8米单双人,铂马仕旗舰店,6431.42,4,4,"1,607.86",￥500,天然乳胶,平台/政府大额补贴 | 买赠高价值赠品 | 官方正品权威背书,促销大字报冲击型,https://detail.tmall.com/item.htm?id=42242821658&sku_properties=21433:50753460,https://detail.tmall.com/item.htm?id=42242821658,https://img.alicdn.com/bao/uploaded/i3/2165873208/O1CN01ScF4mXUkiRB2vH2e_!!4611686018427386424-0-item_pic.jpg,42242821658.jpg,铂马仕 家装节 POMOSER 5CM进口乳胶 蜂巢加密弹簧五星级酒店睡眠 ARCHITEC POMOSER POMOSER 双重补贴拍下立减！ 惊喜红包限时抢！ 政府补贴 官方补贴 惊喜红包 88折消费券 立减15% 立减12% 不止9折至高减500元 详见支付页面 可叠加店铺券 88VIP可用 送 单品直降约 现货速发顺丰到家 限部分 咨询客服抢舒睡枕X2 尺寸地区 37% 下单入会享好礼 ￥20 会员专享券 门槛 POMOSER
32,32,837948013130,甜蜜睡眠朗月床垫偏硬护脊弹簧黄麻无胶水席梦思可拆透气家用卧室,甜蜜睡眠旗舰店,5862.6,3,2,"2,931.30",￥1181,护脊偏硬支撑 | 环保椰棕/黄麻 | 亲肤透气面料,平台/政府大额补贴 | 买赠高价值赠品 | 花呗免息分期 | 官方正品权威背书,促销大字报冲击型,https://detail.tmall.com/item.htm?id=837948013130&sku_properties=21433:50753460,https://detail.tmall.com/item.htm?id=837948013130,https://img.alicdn.com/bao/uploaded/i3/2215897735682/O1CN01Yf6clFXR1yJ2R3rs_!!4611686018427380226-0-item_pic.jpg,837948013130.jpg,甜蜜睡眠丨朗月系列 家装节 Tianmishuimian 护脊撑腰硬床垫 政府补贴！ 立减 15% （告别腰酸背痛整垫可拆卸） 9折券 无门槛消费券（至高减150） 88VIP专享 Zzz 甜蜜睡眠 sweetsleepmattress 2件再享折上折，买越多省越多！ 综合补贴到手价： 政府 官方 店铺 至高省 1181 43% ￥ + + 补贴 立减 优惠 起 全国送货入户 赠大件运费险 花呗分期免息 365天免费囤货
33,33,1016986066309,派乐熊儿童专用薄弹簧床垫10cm青少年偏硬席梦思护脊学生家用15厚,PARELER BEAR旗舰店,5426.0,5,5,"1,085.20",未透出,护脊偏硬支撑 | 独立袋装弹簧,平台/政府大额补贴,促销大字报冲击型,https://detail.tmall.com/item.htm?id=1016986066309&sku_properties=21433:50753460,https://detail.tmall.com/item.htm?id=1016986066309,https://img.alicdn.com/bao/uploaded/i1/2219146481808/O1CN01jFKsNbeMHuF1chua_!!4611686018427383952-0-item_pic.jpg,1016986066309.jpg,派乐熊×专注儿童健康睡眠 1054颗专利儿童小弹簧 15% 政府补贴 因地区差异，补贴（优惠）信息详见支付页面 家装节 88VIP消费券 立减12% 88VIP专享 儿童 8/10/15CM薄弹簧床垫 专用 儿童专用加密独立袋弹簧
34,34,786030574869,ROZO华夫格席梦思护脊床垫国家补贴适中独立弹簧黄麻乳胶偏硬家用,rozo家具旗舰店,5174.76,5,5,"1,034.95",未透出,护脊偏硬支撑 | 天然乳胶 | 环保椰棕/黄麻 | 抗菌防螨健康,平台/政府大额补贴 | 官方正品权威背书,促销大字报冲击型,https://detail.tmall.com/item.htm?id=786030574869&sku_properties=21433:50753460,https://detail.tmall.com/item.htm?id=786030574869,https://img.alicdn.com/bao/uploaded/i2/2939975400/O1CN01GIn4jhXXdwG2vH2e_!!4611686018427385576-2-item_pic.png,786030574869.jpg,ROZO? 秋季家装节 X 零胶水 加“硬”承托撑腰护脊 抗菌防螨|拒绝甲醛 实付满1500立减 ￥150 88VIP消费券 实付满480立减 ￥60 88VIP消费券 政府补贴 12% 至高立减约 官方 下单立减 15% 45% 活动 限时优惠券89 咨询客服 全网低价 正品保障·售后无忧·买贵退差价
35,35,908411378814,铂马仕S黄麻床垫家用卧室薄儿童加硬垫可拆洗无甲醛双人椰棕乳胶,铂马仕旗舰店,5135.22,5,5,"1,027.04",￥500,护脊偏硬支撑 | 天然乳胶 | 环保椰棕/黄麻 | 双面双睡感/可拆洗 | 亲肤透气面料,平台/政府大额补贴 | 免费试睡保障 | 买赠高价值赠品 | 官方正品权威背书,促销大字报冲击型,https://detail.tmall.com/item.htm?id=908411378814&sku_properties=21433:50753460,https://detail.tmall.com/item.htm?id=908411378814,https://img.alicdn.com/bao/uploaded/i3/2165873208/O1CN01K1yAy9668AI2vH2e_!!4611686018427386424-0-item_pic.jpg,908411378814.jpg,铂马仕 家装节 POMOSER 护脊S黄麻高透气 全拆设计全家人适用的床垫 POMOSER 双重补贴拍下立减！ 惊喜红包限时抢！ 政府补贴 官方补贴 惊喜红包 88折消费券 立减15% 立减12% 不止9折至高减500元 详见支付页面 可叠加店铺券 88VIP可用 送 单品直降约 现货速发顺丰到家 限部分 咨询客服抢舒睡枕X2 尺寸地区 37% 200天真正免费试睡
36,37,562872250776,席梦思床垫硬垫家用软硬双面椰棕五星酒店薄款15cm厚乳胶弹簧定制,优群家居正品商城,4815.0,3,3,"1,605.00",未透出,护脊偏硬支撑 | 天然乳胶 | 环保椰棕/黄麻 | 双面双睡感/可拆洗,平台/政府大额补贴 | 免费试睡保障 | 官方正品权威背书,促销大字报冲击型,https://detail.tmall.com/item.htm?id=562872250776&sku_properties=21433:50753460,https://detail.tmall.com/item.htm?id=562872250776,https://img.alicdn.com/bao/uploaded/i4/3346353128/O1CN01C7Eekyyfv1C2vH2e_!!3346353128.jpg,562872250776.jpg,极有家 超级立减 JIYOUJIA.COM 奢享五星优质睡眠 100天免费试睡 塌陷包赔 五年质保支持定制 拒绝甲醛胶水无异味 10 顺丰速发 % 官方优惠 下单立减 （详情咨询客服）
37,38,1050149631481,国家补贴品味布帆乳胶独立弹簧床垫黄麻1.8米 席梦思双人家用软硬,品味布帆家居旗舰店,4698.38,6,5,939.68,未透出,天然乳胶 | 环保椰棕/黄麻,平台/政府大额补贴 | 免费试睡保障 | 买赠高价值赠品 | 花呗免息分期 | 官方正品权威背书,促销大字报冲击型,https://detail.tmall.com/item.htm?id=1050149631481&sku_properties=21433:50753460,https://detail.tmall.com/item.htm?id=1050149631481,https://img.alicdn.com/bao/uploaded/i1/2222488681261/O1CN01qXPcZqxexHI21stE_!!4611686018427386669-0-item_pic.jpg,1050149631481.jpg,品味布帆 ? 家装节 权威检测 认证产品 AAAAA质量I睡得放心 品味布筑 双重补贴-下单立减 政府补贴 官方补贴 立减15% 立减12% 详情咨询客服 详情咨询客服 到手价 120天免费试睡 88VIP专享消费券 598 20年超长质保 48小时快速发货 100天保价 夫 3期花呗免息 免费仓储 送货入户无需安装 1.8×2米经典A款
38,39,743609626271,派乐熊全拆儿童专用薄弹簧床垫青少年偏硬席梦思护脊学生家用15cm,派乐熊旗舰店,4684.0,3,3,"1,561.33",未透出,护脊偏硬支撑,平台/政府大额补贴,促销大字报冲击型,https://detail.tmall.com/item.htm?id=743609626271&sku_properties=21433:50753460,https://detail.tmall.com/item.htm?id=743609626271,https://img.alicdn.com/bao/uploaded/i3/2215984907648/O1CN01RZh87Nya4SG1chua_!!4611686018427381120-0-item_pic.jpg,743609626271.jpg,派乐熊×专注儿童健康睡眠 全拆儿童薄款弹簧床垫 15% 政府补贴 因地区差异，补贴(优惠)信息详见支付页面 家装节 88VIP消费券 立减12% 88VIP专享 全拆软硬睡感可调节 A类 纯棉 12-15CM儿童薄弹簧床垫
39,40,1007724840079,睡眠骑士S1 全拆床垫0胶水家用席梦思天然黄麻护脊酷布四叶草弹簧,睡眠骑士床垫企业店,4534.0,2,2,"2,267.00",未透出,护脊偏硬支撑 | 环保椰棕/黄麻,免费试睡保障 | 买赠高价值赠品 | 花呗免息分期 | 官方正品权威背书,标准电商综合展示型,https://detail.tmall.com/item.htm?id=1007724840079&sku_properties=21433:50753460,https://detail.tmall.com/item.htm?id=1007724840079,https://img.alicdn.com/bao/uploaded/i4/720743073/O1CN01MvNbmRTh29C2vH2e_!!720743073.jpg,1007724840079.jpg,SLEEP 官方优选 睡眠骑士 KNIGHT 整张床垫O胶水 S1全拆|材料可见 林 睡眠骑士 23-25CM 现货速发顺丰送到家 SF 0胶全拆 部分尺寸及地区详情咨询客服 200天免费试睡 花呗分期免息 365天免费仓储 免费送货到家
40,41,642438274024,ROZO席梦思床垫护脊家用记忆棉乳胶弹簧椰棕双面五星级酒店22cm厚,rozo家具旗舰店,4147.85,3,3,"1,382.62",未透出,护脊偏硬支撑 | 天然乳胶 | 环保椰棕/黄麻 | 零压记忆棉 | 双面双睡感/可拆洗,平台/政府大额补贴 | 官方正品权威背书,促销大字报冲击型,https://detail.tmall.com/item.htm?id=642438274024&sku_properties=21433:50753460,https://detail.tmall.com/item.htm?id=642438274024,https://img.alicdn.com/bao/uploaded/i3/2939975400/O1CN01wfkpSeSbQwB2vH2e_!!4611686018427385576-2-item_pic.png,642438274024.jpg,ROZO°X J 秋季家装节 黑金系列 双螺旋弹簧床垫 软硬适中丨睡得轻松 实付满1500立减 150 夫 88VIP消费券 实付满480立减 ROZO 60 夫 88VIP消费券 政府补贴 12% 至高立减约 官方 下单立减 15% 45% 活动 叠加使用优惠券 咨询客服
41,42,595066893675,铂马仕席梦思床垫乳胶弹簧家用双人软垫卧室酒店厚垫1.8m可拆,铂马仕旗舰店,4136.0,3,3,"1,378.67",￥500,护脊偏硬支撑 | 天然乳胶 | 智能调节深睡,平台/政府大额补贴 | 免费试睡保障 | 买赠高价值赠品 | 官方正品权威背书,促销大字报冲击型,https://detail.tmall.com/item.htm?id=595066893675&sku_properties=21433:50753460,https://detail.tmall.com/item.htm?id=595066893675,https://img.alicdn.com/bao/uploaded/i4/2165873208/O1CN01dq4kYKUg4sE2vH2e_!!4611686018427386424-0-item_pic.jpg,595066893675.jpg,铂马仕 家装节 POMOSER 双核护脊支撑 软硬双核心深睡系统 铂马仕 POMOSER POMOSER 双重补贴拍下立减！ 惊喜红包限时抢！ 政府补贴 官方补贴 88折消费券 惊喜红包 立减15% 立减12% 不止9折至高减500元 详见支付页面 可叠加店铺券 88VIP可用 送 单品直降约 现货速发顺丰到家 限部分 咨询客服抢舒睡枕X2 尺寸地区 37% 100天真正免费试睡
42,43,973610633655,派乐熊全拆儿童床垫可拆卸0胶水工艺调节软硬护脊独立弹簧席梦思,派乐熊旗舰店,3999.9,2,2,"1,999.95",未透出,护脊偏硬支撑,常规日销,产品材质分层结构拆解型,https://detail.tmall.com/item.htm?id=973610633655&sku_properties=21433:50753460,https://detail.tmall.com/item.htm?id=973610633655,https://img.alicdn.com/bao/uploaded/i1/2215984907648/O1CN01rz2h2n26MqGB4lhLu_!!4611686018427381120-0-item_pic.jpg,973610633655.jpg,派乐熊×专注儿童健康睡眠 全拆双层护脊弹簧床垫 派乐熊 Pareler Bear A类 全拆软硬睡感可调节 纯棉 四叶形0胶工艺酷布袋弹簧
43,44,788457904913,加密独立袋弹簧偏硬护脊床垫黄麻席梦思乳胶硬20cm记忆棉床垫,CEFALU旗舰店,3839.0,4,3,"1,279.67",未透出,护脊偏硬支撑 | 天然乳胶 | 独立袋装弹簧 | 环保椰棕/黄麻 | 零压记忆棉 | 亲肤透气面料,平台/政府大额补贴 | 免费试睡保障 | 买赠高价值赠品,促销大字报冲击型,https://detail.tmall.com/item.htm?id=788457904913&sku_properties=21433:50753460,https://detail.tmall.com/item.htm?id=788457904913,https://img.alicdn.com/bao/uploaded/i3/1692273605/O1CN01bj9cwY5LCnC2vH2e_!!4611686018427382725-0-item_pic.jpg,788457904913.jpg,® 甄选 CEFALU× 超级立减 尖货 OTIIIN 1258个加密小弹簧 护脊撑腰睡感可选 15 再省% 可叠加店内任何优惠活动 政府补贴 快递包邮 免费试睡200天 享政府补贴 预计下单直降 25% 优惠直降10%叠加使用 （环保透气软硬可选拒绝甲醛送货上门） 详情咨询客服
44,45,532960004497,棕葆王国天然环保黄麻椰棕床垫儿童3e棕1.35米榻榻米棕榈加硬神器,棕葆王国品牌店,3509.0,4,3,"1,169.67",未透出,护脊偏硬支撑 | 环保椰棕/黄麻 | 双面双睡感/可拆洗,平台/政府大额补贴 | 免费试睡保障 | 买赠高价值赠品 | 花呗免息分期,促销大字报冲击型,https://detail.tmall.com/item.htm?id=532960004497&sku_properties=21433:50753460,https://detail.tmall.com/item.htm?id=532960004497,https://img.alicdn.com/bao/uploaded/i1/251231227/O1CN01EHsGlH6hScC2vH2e_!!251231227.jpg,532960004497.jpg,超级立减 棕葆王国 可拆洗 环保无胶 保护脊椎为你撑腰 S型环保精细黄麻有异味退全款 立减 活动优惠 软硬两用 体验双重睡感 10% 免费试睡 保 20年不塌陷 花呗3期免息 顺丰送货入户
45,46,769966237344,月光之家乳胶弹簧床垫1.8米家用软垫席梦思 1.5m记忆棉黄麻棕垫硬,moonlightfamily旗舰店,3455.0,2,2,"1,727.50",未透出,天然乳胶 | 环保椰棕/黄麻 | 零压记忆棉,平台/政府大额补贴 | 免费试睡保障 | 热销爆款背书 | 花呗免息分期 | 官方正品权威背书,促销大字报冲击型,https://detail.tmall.com/item.htm?id=769966237344&sku_properties=21433:50753460,https://detail.tmall.com/item.htm?id=769966237344,https://img.alicdn.com/bao/uploaded/i4/919851856/O1CN01hfneo6H41oG32pKq_!!4611686018427384656-0-item_pic.jpg,769966237344.jpg,Moonlight family MOONLICHT 月光之家 家装节 FAMILY 店铺销冠PLUS系列 软硬齐全厚度21-25CM Moonligu family 优惠可叠加 政府补贴官方立减惊喜红包 88VIP 200天免费试睡 15% 12% 150 20年超长质保 3期免息 价保100天 免费取旧 顺丰 SF 0胶+5A双重认证 到家
46,48,1028454725472,儿童护脊黄麻乳胶折叠床垫家用环保席梦思高低床天然椰棕1.2m定制,铂马仕旗舰店,3358.59,4,3,"1,119.53",￥500,护脊偏硬支撑 | 天然乳胶 | 环保椰棕/黄麻,平台/政府大额补贴 | 买赠高价值赠品 | 官方正品权威背书,促销大字报冲击型,https://detail.tmall.com/item.htm?id=1028454725472&sku_properties=21433:50753460,https://detail.tmall.com/item.htm?id=1028454725472,https://img.alicdn.com/bao/uploaded/i1/2165873208/O1CN01x7dE7RRZ98G2vH2e_!!4611686018427386424-0-item_pic.jpg,1028454725472.jpg,铂马仕 家装节 POMOSER 儿童折叠黄麻垫 榻榻米可用便捷收纳 轻松搬运 双重补贴拍下立减！ 惊喜红包限时抢！ 政府补贴 官方补贴 惊喜红包 88折消费券 立减15% 立减12% 不止9折至高减500元 详见支付页面 可叠加店铺券 88VIP可用 送 单品直降约 现货速发顺丰到家 限部分 咨询客服抢舒睡枕X2 尺寸地区 37% 下单入会享好礼 ￥20 会员专享券 门槛 POMOSER
47,49,714642283854,派乐熊全拆儿童床垫0胶水工艺酷布独立袋弹簧青少年护脊硬席梦思,派乐熊儿童床垫品牌店,3269.76,2,1,"3,269.76",未透出,护脊偏硬支撑 | 独立袋装弹簧,常规日销,标准电商综合展示型,https://detail.tmall.com/item.htm?id=714642283854&sku_properties=21433:50753460,https://detail.tmall.com/item.htm?id=714642283854,https://img.alicdn.com/bao/uploaded/i1/371424161/O1CN01ZhOkB01gbnB78gsut_!!371424161.jpg,714642283854.jpg,派乐熊×专注儿童健康睡眠 全拆1480颗四叶形0胶弹簧 派乐熊 Pareler Bear A类 全拆软硬睡感可调节 纯棉 儿童专用0胶加密酷布弹簧
48,50,15292785950,月光之家天然纯乳胶床垫超薄可全拆分区按摩软榻榻米1.8米可定制,moonlightfamily旗舰店,3149.0,2,2,"1,574.50",未透出,天然乳胶 | 双面双睡感/可拆洗,平台/政府大额补贴 | 免费试睡保障 | 花呗免息分期 | 官方正品权威背书,促销大字报冲击型,https://detail.tmall.com/item.htm?id=15292785950&sku_properties=21433:50753460,https://detail.tmall.com/item.htm?id=15292785950,https://img.alicdn.com/bao/uploaded/i3/919851856/O1CN01Ruhi3JVbMXK32pKq_!!4611686018427384656-0-item_pic.jpg,15292785950.jpg,Moonlight family MOONLICHT 月光之家 家装节 FAMILY 全拆可洗纯乳胶床垫 适中偏软厚度6-13CM 优惠可叠加 政府补贴官方立减惊喜红包 88VIP 200天免费试睡 15% 12% 150 20年超长质保 3期免息 价保100天 免费取旧 顺丰 SF 0胶+5A双重认证 到家
49,51,826540116802,睡眠骑士五星级酒店床垫双面20cm厚乳胶席梦思硬垫加硬家用记忆棉,睡眠骑士床垫企业店,3120.0,2,1,"3,120.00",未透出,护脊偏硬支撑 | 天然乳胶 | 零压记忆棉 | 双面双睡感/可拆洗,免费试睡保障 | 买赠高价值赠品 | 花呗免息分期 | 官方正品权威背书,标准电商综合展示型,https://detail.tmall.com/item.htm?id=826540116802&sku_properties=21433:50753460,https://detail.tmall.com/item.htm?id=826540116802,https://img.alicdn.com/bao/uploaded/i4/720743073/O1CN01Xdj6rv1YZUESn9IB0_!!720743073.jpg,826540116802.jpg,"SLEEP"""" 睡眠骑士 官方优选 KNIGHT FIVE-STAR HOTEL MATTRESS 五星护脊弹簧床垫 厚度：20/22/24CM 15-24CM 现货速发顺丰送到家 SF 加硬护脊 部分尺寸及地区详情咨询客服 200天免费试睡 花呗分期免息 365天免费仓储 免费送货到家"
50,52,587602685704,全拆软硬薄独立弹簧床垫高箱10cm15公分含乳胶记忆棉家用榻榻米,布莱轩尼旗舰店,3091.0,2,2,"1,545.50",未透出,天然乳胶 | 零压记忆棉,平台/政府大额补贴 | 官方正品权威背书,促销大字报冲击型,https://detail.tmall.com/item.htm?id=587602685704&sku_properties=21433:50753460,https://detail.tmall.com/item.htm?id=587602685704,https://img.alicdn.com/bao/uploaded/i4/1104379506/O1CN017BoiRhUnpGC1chua_!!4611686018427387506-0-item_pic.jpg,587602685704.jpg,布莱轩尼 天猫家装节 10-15cm 软硬可调 全拆薄弹簧床垫 家装节立减12% 政府补贴 立减15% 详情咨询客服 TMALL天猫 买贵退差价·售后无忧 家装节 官方立减12% 官方立减12%+政府补贴15%
51,53,829143171600,铂马仕弹簧床垫乳胶席梦思家用软垫双人卧室椰棕厚硬垫单人1.8米,铂马仕旗舰店,3081.16,2,2,"1,540.58",￥500,护脊偏硬支撑 | 天然乳胶 | 环保椰棕/黄麻,平台/政府大额补贴 | 免费试睡保障 | 买赠高价值赠品 | 官方正品权威背书,促销大字报冲击型,https://detail.tmall.com/item.htm?id=829143171600&sku_properties=21433:50753460,https://detail.tmall.com/item.htm?id=829143171600,https://img.alicdn.com/bao/uploaded/i3/2165873208/O1CN011b3iree9dLB1chua_!!4611686018427386424-0-item_pic.jpg,829143171600.jpg,铂马仕 家装节 POMOSER 德国品质 良芯好床垫 1886颗专利迷你感应小弹簧 限时领取 惊喜红包 88折消费券 不止9折至高减500元 88VIP可用 POMOSER 双重补贴拍下立减！ 政府补贴 官方补贴 立减15% 立减12% 详见支付页面 可叠加店铺券 官方 120天真正免费试睡 咨询客服抢舒睡枕X2 送 Free 抽检认证 48小时顺丰速发S 发货时效 限部分 尺寸地区
52,54,1046477892506,麻师傅20cm厚独立弹簧床垫席梦思家用1.8m卧室含乳胶记忆棉软黄麻,麻师傅家具旗舰店,3051.95,3,2,"1,525.97",未透出,护脊偏硬支撑 | 天然乳胶 | 环保椰棕/黄麻 | 零压记忆棉,平台/政府大额补贴,促销大字报冲击型,https://detail.tmall.com/item.htm?id=1046477892506&sku_properties=21433:50753460,https://detail.tmall.com/item.htm?id=1046477892506,https://img.alicdn.com/bao/uploaded/i2/2217706005293/O1CN015ktxVIzZJuC1chua_!!4611686018427380525-0-item_pic.jpg,1046477892506.jpg,麻师傅 ? 20-22cm厚弹簧床垫 偏硬护脊版 政府补贴 15% + 麻师傅 家装节 MASHFU麻师傅 12% 72 小时 久坐办公族 顺丰发货
53,55,800087983555,悠梦思乳胶薄款床垫8cm高箱床独立袋弹簧14cm席梦思黄麻榻榻米垫,yarges悠梦思旗舰店,3050.45,3,3,"1,016.82",未透出,天然乳胶 | 独立袋装弹簧 | 环保椰棕/黄麻,平台/政府大额补贴 | 免费试睡保障 | 买赠高价值赠品 | 花呗免息分期 | 官方正品权威背书,促销大字报冲击型,https://detail.tmall.com/item.htm?id=800087983555&sku_properties=21433:50753460,https://detail.tmall.com/item.htm?id=800087983555,https://img.alicdn.com/bao/uploaded/i2/2215907225135/O1CN01iwa2GbojoxL2vH2e_!!4611686018427383343-0-item_pic.jpg,800087983555.jpg,YARGES悠梦思 8cm薄弹簧床垫 101天真正免费试睡 88 活动下单即享 折 88消费券 （立即抢购无需凑单） 限时立享至高减150元 YARGES悠梦思 88VIP可用 数量有限详情咨询客服 天猫家装节 抢 政府补贴15% 因地区差异，补贴信息详情请见支付页面！ 官方立减12% 下单入会“抢 99 舒睡枕x2 现货下单顺丰速发 质保20年 限部分 尺寸地区 免费送货到家 分期免息 1365天免费仓储
54,56,692623573466,记忆棉盒子压缩席梦思弹簧乳胶床垫软垫家用卧室硬垫官方十大名牌,梦织葆家居品牌店,2992.0,5,5,598.40,未透出,护脊偏硬支撑 | 天然乳胶 | 零压记忆棉 | 抗菌防螨健康 | 亲肤透气面料,平台/政府大额补贴 | 免费试睡保障 | 买赠高价值赠品 | 官方正品权威背书,促销大字报冲击型,https://detail.tmall.com/item.htm?id=692623573466&sku_properties=21433:50753460,https://detail.tmall.com/item.htm?id=692623573466,https://img.alicdn.com/bao/uploaded/i3/2265426359/O1CN01IjZtnK1wqTi7EWFzv_!!2265426359.jpg,692623573466.jpg,"""""weavei 梦织葆 超级88 Leep 限时活动 优惠抢不停 免费试睡100天 卷包床垫护脊防塌陷 厚款20-24CM 薄款12-14CM MATTRESS 两种弹簧 可选 抑菌防螨亲肤面料 拒绝甲醛胶水无异味 官方活动 叠加优惠满300减60 12% 立减 180天免费仓储 送货入户 保价30天"
55,57,686760000635,睡眠骑士薄款弹簧床垫15cm软垫乳胶席梦思双面家用记忆棉椰棕硬垫,睡眠骑士床垫企业店,2985.84,2,2,"1,492.92",未透出,护脊偏硬支撑 | 天然乳胶 | 环保椰棕/黄麻 | 零压记忆棉 | 双面双睡感/可拆洗,免费试睡保障 | 买赠高价值赠品 | 花呗免息分期 | 官方正品权威背书,标准电商综合展示型,https://detail.tmall.com/item.htm?id=686760000635&sku_properties=21433:50753460,https://detail.tmall.com/item.htm?id=686760000635,https://img.alicdn.com/bao/uploaded/i4/720743073/O1CN01gbY1gS1YZUETBzijE_!!720743073.jpg,686760000635.jpg,"SLEEP"""" 睡眠骑士 官方优选 KNIGHT FIVE-STARHOTEL MATTRESS 薄款独立弹簧床垫 厚度：10/12/15CM 9-15CM 现货速发顺丰送到家 SF 酒店睡感 部分尺寸及地区详情咨询客服 200天免费试睡 花呗分期免息 365天免费仓储 免费送货到家"
56,58,623410616784,月光之家五星级酒店床垫家庭用迷你独立弹簧高档双人席梦思1.8米,moonlightfamily旗舰店,2869.0,1,1,"2,869.00",未透出,护脊偏硬支撑,平台/政府大额补贴 | 免费试睡保障 | 花呗免息分期 | 官方正品权威背书,促销大字报冲击型,https://detail.tmall.com/item.htm?id=623410616784&sku_properties=21433:50753460,https://detail.tmall.com/item.htm?id=623410616784,https://img.alicdn.com/bao/uploaded/i2/919851856/O1CN015RusymABuDD32pKq_!!4611686018427384656-0-item_pic.jpg,623410616784.jpg,Moonlight family MOONLICHT 月光之家 家装节 FAMILY 3180个弹簧强力支撑 软硬齐全厚度24-28CM hpuno nybrpuoG ( 优惠可叠加 政府补贴官方立减惊喜红包 88VIP 200天免费试睡 15% 12% 150 20年超长质保 3期免息 价保100天 免费取旧 顺丰 SF 0胶+5A双重认证 到家
57,59,714909821260,铂马仕10cm厚乳胶床垫独立袋薄弹簧床垫硬15公分软垫席梦思高箱床,铂马仕旗舰店,2778.0,2,2,"1,389.00",￥500,护脊偏硬支撑 | 天然乳胶 | 独立袋装弹簧,平台/政府大额补贴 | 买赠高价值赠品 | 官方正品权威背书,促销大字报冲击型,https://detail.tmall.com/item.htm?id=714909821260&sku_properties=21433:50753460,https://detail.tmall.com/item.htm?id=714909821260,https://img.alicdn.com/bao/uploaded/i3/2165873208/O1CN01ArQuBqLsokL2vH2e_!!4611686018427386424-0-item_pic.jpg,714909821260.jpg,铂马仕 家装节 POMOSER 德国品质撑腰护脊 10CM薄款弹簧床垫 AlvarAalto POMOSER POMOSER MANME 双重补贴拍下立减！ 惊喜红包限时抢！ 政府补贴 官方补贴 惊喜红包 88折消费券 立减15% 立减12% 不止9折至高减500元 详见支付页面 可叠加店铺券 88VIP可用 送 单品直降约 现货速发顺丰到家 限部分 咨询客服抢舒睡枕X2 尺寸地区 37% 下单入会享好礼 ￥20 会员专享券 门槛 POMOSER
58,60,692763933781,【国补】压缩卷包独立袋弹簧记忆棉席梦思乳胶20cm护脊厚床垫,CEFALU旗舰店,2430.0,2,2,"1,215.00",未透出,护脊偏硬支撑 | 天然乳胶 | 独立袋装弹簧 | 零压记忆棉 | 亲肤透气面料,平台/政府大额补贴 | 免费试睡保障 | 买赠高价值赠品,促销大字报冲击型,https://detail.tmall.com/item.htm?id=692763933781&sku_properties=21433:50753460,https://detail.tmall.com/item.htm?id=692763933781,https://img.alicdn.com/bao/uploaded/i4/1692273605/O1CN01yC7izi4zBvF2vH2e_!!4611686018427382725-0-item_pic.jpg,692763933781.jpg,超级立减 甄选 CEFALU 尖货 面料可拆 内材可见 15 再省% 可叠加店内任何优惠活动 政府补贴 快递包邮 免费试睡200天 享政府补贴 预计下单直降 25% 优惠直降10%叠加使用 （环保透气软硬可选拒绝甲醛送货上门） 详情咨询客服
59,61,979681631360,睡眠骑士自在可调节全拆床垫独立袋弹簧1.8米0胶水家用卧室软垫子,睡眠骑士床垫企业店,2398.0,1,1,"2,398.00",未透出,护脊偏硬支撑 | 独立袋装弹簧,免费试睡保障 | 买赠高价值赠品 | 花呗免息分期 | 官方正品权威背书,标准电商综合展示型,https://detail.tmall.com/item.htm?id=979681631360&sku_properties=21433:50753460,https://detail.tmall.com/item.htm?id=979681631360,https://img.alicdn.com/bao/uploaded/i4/720743073/O1CN01ezy6FO1YZUCf1Zd1V_!!720743073.jpg,979681631360.jpg,SLEEP° 睡眠骑士 官方优选 KNIGHT 高支撑3016个弹簧 0胶床垫可拆卸设计 SLEEPKNIGHT LUXURY MATTRESS 22-28CM 200天免费试睡 120年超长质保 全拆床垫 现货速发 顺丰送到家 部分尺寸 及地区 花呗分期免息 365天免费仓储 免费送货到家
60,62,965421153017,麻师傅独立弹簧床垫20cm厚护脊硬黄麻含乳胶记忆棉席梦思十大名牌,麻师傅家具旗舰店,2237.14,2,2,"1,118.57",未透出,护脊偏硬支撑 | 天然乳胶 | 环保椰棕/黄麻 | 零压记忆棉,平台/政府大额补贴,促销大字报冲击型,https://detail.tmall.com/item.htm?id=965421153017&sku_properties=21433:50753460,https://detail.tmall.com/item.htm?id=965421153017,https://img.alicdn.com/bao/uploaded/i3/2217706005293/O1CN01CrfuuQ7CriG1chua_!!4611686018427380525-0-item_pic.jpg,965421153017.jpg,麻师傅 ? 20-22cm厚弹簧床垫 3cmS形护脊黄麻 政府补贴 15% + 家装节 12% MASHIFU麻师傅 72 小时 中青年护脊/老人/孕妇 顺丰发货
61,63,994995979658,麻师傅天然S形黄麻薄床垫10cm厚全拆加硬护腰脊儿童老人家用椰棕,麻师傅家具旗舰店,2218.0,1,1,"2,218.00",未透出,护脊偏硬支撑 | 环保椰棕/黄麻,平台/政府大额补贴,促销大字报冲击型,https://detail.tmall.com/item.htm?id=994995979658&sku_properties=21433:50753460,https://detail.tmall.com/item.htm?id=994995979658,https://img.alicdn.com/bao/uploaded/i3/2217706005293/O1CN01m59pEWubnMF1chua_!!4611686018427380525-0-item_pic.jpg,994995979658.jpg,麻师傅 ? 6-20cm黄麻床垫 偏硬护脊腰轻松 政府补贴 15% 家装节 12% 72小时 中青年/老人/孕童 顺丰发货
62,64,858779275867,悠梦思乳胶床垫独立弹簧席梦思加厚软硬适中家用护脊黄麻酒店定制,yarges悠梦思旗舰店,2160.0,2,2,"1,080.00",未透出,护脊偏硬支撑 | 天然乳胶 | 环保椰棕/黄麻 | 抗菌防螨健康,平台/政府大额补贴 | 买赠高价值赠品 | 花呗免息分期 | 官方正品权威背书,促销大字报冲击型,https://detail.tmall.com/item.htm?id=858779275867&sku_properties=21433:50753460,https://detail.tmall.com/item.htm?id=858779275867,https://img.alicdn.com/bao/uploaded/i4/2215907225135/O1CN01MgJdqv5DdYL2vH2e_!!4611686018427383343-0-item_pic.jpg,858779275867.jpg,YARGES悠梦思 科学支撑 撑腰护脊 进口黄麻 抑菌防螨 YARGES 悠梦思 88 活动下单即享 折 88消费券 （立即抢购无需凑单） 限时立享至高减150元 88VIP可用 数量有限详情咨询客服 天猫家装节 抢 政府补贴15% 因地区差异，补贴信息详情请见支付页面！ 官方立减12% 下单入会“抢 舒睡枕x2 现货下单顺丰速发 质保20年 限部分 尺寸地区 免费送货到家 分期免息 盒365天免费仓储
63,65,1078382595239,麻师傅全拆S形黄麻床垫叠加软床加硬神器专用儿童老人护腰脊椰棕,麻师傅诺隆专卖店,2100.0,2,2,"1,050.00",未透出,护脊偏硬支撑 | 环保椰棕/黄麻,平台/政府大额补贴,促销大字报冲击型,https://detail.tmall.com/item.htm?id=1078382595239&sku_properties=21433:50753460,https://detail.tmall.com/item.htm?id=1078382595239,https://img.alicdn.com/bao/uploaded/i1/2221163466073/O1CN010OeMjZwTUtD1chua_!!4611686018427383129-0-item_pic.jpg,1078382595239.jpg,麻师傅 ? 软垫加硬神器 3-5cm硬黄麻床垫 政府补贴 15% + 家装节 12% 48小时 青年/老人/孕婴童 顺丰发货
64,66,898868296824,凯菲露黄麻乳胶独立袋弹簧薄款床垫加硬榻榻米卧室10cm厚国家补贴,凯菲露家具旗舰店,2085.0,2,2,"1,042.50",未透出,护脊偏硬支撑 | 天然乳胶 | 独立袋装弹簧 | 环保椰棕/黄麻 | 智能调节深睡,平台/政府大额补贴 | 免费试睡保障 | 免费送装一体 | 买赠高价值赠品,促销大字报冲击型,https://detail.tmall.com/item.htm?id=898868296824&sku_properties=21433:50753460,https://detail.tmall.com/item.htm?id=898868296824,https://img.alicdn.com/bao/uploaded/i2/2218234661637/O1CN01XKWvsmS8YlC1chua_!!4611686018427382533-0-item_pic.jpg,898868296824.jpg,PKAIFEL 秋季家装节 10/12/13/15CM 薄弹簧床垫 店铺红包 轻薄护脊！云栖系列 限时抢 送 X2 下单到手 评价有礼返20红包 （顺丰速发送货上楼（限部分地区/尺寸） 至高立减 政府补贴 9折消费券 全店立减 48% 立减15% 12% 下拉详情领取 88VIP可用 优惠可叠加 10G 免费 加 黄麻护脊·静音抗扰·灵动贴合 试睡
65,67,1007130832612,铂马仕云霄全拆洗可调节弹簧床垫席梦思乳胶软垫家用椰棕加硬床垫,铂马仕旗舰店,2078.6,1,1,"2,078.60",￥500,天然乳胶 | 环保椰棕/黄麻,平台/政府大额补贴 | 买赠高价值赠品 | 官方正品权威背书,促销大字报冲击型,https://detail.tmall.com/item.htm?id=1007130832612&sku_properties=21433:50753460,https://detail.tmall.com/item.htm?id=1007130832612,https://img.alicdn.com/bao/uploaded/i4/2165873208/O1CN013CaqZcaaFlI2vH2e_!!4611686018427386424-0-item_pic.jpg,1007130832612.jpg,铂马仕 家装节 POMOSER O胶全拆洗软硬可调 20-30CM 多种睡感体验 惊喜红包 88折消费券 不止9折至高减500元 88VIP可用 POMOSER 双重补贴拍下立减！ 政府补贴 官方补贴 立减15% 立减12% 详见支付页面 可叠加店铺券 送 单品直降约 现货速发顺丰到家 限部分 咨询客服抢舒睡枕X2 尺寸地区 37% 下单入会享好礼 ￥20 会员专享券 门槛 POMOSER
66,69,941363571679,ROZO国家补贴全拆黄芽护脊床垫席梦思无胶独立弹簧黄麻乳胶硬家用,rozo家具旗舰店,1922.0,1,1,"1,922.00",未透出,护脊偏硬支撑 | 天然乳胶 | 环保椰棕/黄麻,平台/政府大额补贴 | 热销爆款背书,促销大字报冲击型,https://detail.tmall.com/item.htm?id=941363571679&sku_properties=21433:50753460,https://detail.tmall.com/item.htm?id=941363571679,https://img.alicdn.com/bao/uploaded/i3/2939975400/O1CN01DGqJgNNo3VB2vH2e_!!4611686018427385576-2-item_pic.png,941363571679.jpg,ROZO° 秋季家装节 X 零胶水 （店铺内） TOP1 同款性价比 升级黄麻|全拆可调 实付满1500立减 150 夫 88VIP消费券 实付满480立减 60 夫 88VIP消费券 政府补贴 至高立减约 下单立减 12% 15% 45 5% 限时优惠券56 ROZO 咨询客服
67,70,1016981719311,铂马仕云岚全拆弹簧床垫乳胶席梦思1.8m米软家用护脊硬垫黄麻床垫,铂马仕旗舰店,1880.0,1,1,"1,880.00",￥500,护脊偏硬支撑 | 天然乳胶 | 环保椰棕/黄麻,平台/政府大额补贴 | 买赠高价值赠品 | 官方正品权威背书,促销大字报冲击型,https://detail.tmall.com/item.htm?id=1016981719311&sku_properties=21433:50753460,https://detail.tmall.com/item.htm?id=1016981719311,https://img.alicdn.com/bao/uploaded/i3/2165873208/O1CN01fGm2RoPuNLC2vH2e_!!4611686018427386424-0-item_pic.jpg,1016981719311.jpg,铂马仕 家装节 POMOSER 0甲醛0胶水全拆床垫 舒适护脊安全环保 惊喜红包 88折消费券 不止9折至高减500元 88VIP可用 POMOSER 叠加 政府补贴 官方补贴 立减15% 立减12% 优惠 详见支付页面 可叠加店铺券 送 单品直降约 现货速发顺丰到家 限部分 咨询客服抢舒睡枕X2 尺寸地区 37% 下单入会享好礼 ￥20 会员专享券 门槛 POMOSER
68,71,1018101560481,甜蜜睡眠可拆卸床垫软硬可调无胶席梦思乳胶独立弹簧全拆卧室家用,甜蜜睡眠旗舰店,1863.18,1,1,"1,863.18",￥1293,天然乳胶 | 亲肤透气面料,平台/政府大额补贴 | 买赠高价值赠品 | 花呗免息分期 | 官方正品权威背书,促销大字报冲击型,https://detail.tmall.com/item.htm?id=1018101560481&sku_properties=21433:50753460,https://detail.tmall.com/item.htm?id=1018101560481,https://img.alicdn.com/bao/uploaded/i3/2215897735682/O1CN017rYO2ZmHhnL2R3rs_!!4611686018427380226-0-item_pic.jpg,1018101560481.jpg,甜蜜睡眠「朗月系列 家装节 Tianmishuimian 全垫0胶可拆卸 舒适透气软硬轻松调节） 政府补贴！ 9折券 立减 15% 无门槛消费券（至高减150） 88VIP专享 甜蜜睡眠 Zzz sweetsleepmattress 2件再享折上折，买越多省越多！ 综合补贴到手价： 政府 官方 店铺 至高省 1293 42% ? + + 补贴 立减 优惠 起 全国送货入户 赠大件运费险 花呗分期免息 365天免费囤货
69,72,653309172278,适用于宜家米隆床垫儿童分段式可伸缩婴儿拼接床可拆卸棕垫80x200,棕葆王国品牌店,1782.0,2,1,"1,782.00",未透出,环保椰棕/黄麻,平台/政府大额补贴 | 免费试睡保障 | 买赠高价值赠品 | 花呗免息分期,促销大字报冲击型,https://detail.tmall.com/item.htm?id=653309172278&sku_properties=21433:50753460,https://detail.tmall.com/item.htm?id=653309172278,https://img.alicdn.com/bao/uploaded/i3/251231227/O1CN01zZXrIYPI4WG2vH2e_!!251231227.jpg,653309172278.jpg,超级立减 棕葆王国 米隆儿童专用 不环保100%退款 S型环保精细黄麻孩子用更合适 立减 活动优惠 8-12cm厚三块拼接款 10% 免费试睡 保 20年不塌陷 花呗3期免息 顺丰送货入户
70,73,1002508687323,睡眠骑士名匠全拆可调节床垫席梦思无胶家用20cm硬垫天然乳胶黄麻,睡眠骑士床垫企业店,1723.16,1,1,"1,723.16",未透出,护脊偏硬支撑 | 天然乳胶 | 环保椰棕/黄麻,免费试睡保障 | 买赠高价值赠品 | 花呗免息分期 | 官方正品权威背书,标准电商综合展示型,https://detail.tmall.com/item.htm?id=1002508687323&sku_properties=21433:50753460,https://detail.tmall.com/item.htm?id=1002508687323,https://img.alicdn.com/bao/uploaded/i3/720743073/O1CN016QipDW1YZUESrNc0S_!!720743073.jpg,1002508687323.jpg,SLEEP. 睡眠骑士 官方优选 KNIGHT 可拆0胶水床垫 30s轻松拆卸 四叶草 弹簧 天然S型 黄麻 20-25CM 现货速发顺丰送到家 SF 0胶全拆 部分尺寸及地区详情咨询客服 200天免费试睡 花呗分期免息 365天免费仓储 免费送货到家
71,74,639084200572,月光之家儿童床垫硬家用独立弹簧青少年学生黄麻席梦思1.8米1.5m,moonlightfamily旗舰店,1657.0,1,1,"1,657.00",未透出,环保椰棕/黄麻,平台/政府大额补贴 | 免费试睡保障 | 花呗免息分期 | 官方正品权威背书,促销大字报冲击型,https://detail.tmall.com/item.htm?id=639084200572&sku_properties=21433:50753460,https://detail.tmall.com/item.htm?id=639084200572,https://img.alicdn.com/bao/uploaded/i1/919851856/O1CN01B7Bm2MLg8vI32pKq_!!4611686018427384656-0-item_pic.jpg,639084200572.jpg,Moonlight family MOONLICHT 月光之家 家装节 FAMILY 儿童专用弹簧床垫 软硬齐全厚度20-22CM SMondafufonada 优惠可叠加 政府补贴官方立减惊喜红包 88VIP 200天免费试睡 15% 12% 150 20年超长质保 3期免息 价保100天 免费取旧 顺丰 SF 0胶+5A双重认证 到家
72,75,648731865254,儿童床垫椰棕垫席梦思护脊偏硬1.2无甲醛棕垫1.35m天然乳胶席梦思,佛山享睡床垫品牌店,1643.0,1,1,"1,643.00",未透出,护脊偏硬支撑 | 天然乳胶 | 环保椰棕/黄麻,平台/政府大额补贴 | 免费试睡保障 | 买赠高价值赠品 | 官方正品权威背书,促销大字报冲击型,https://detail.tmall.com/item.htm?id=648731865254&sku_properties=21433:50753460,https://detail.tmall.com/item.htm?id=648731865254,https://img.alicdn.com/bao/uploaded/i1/371421979/O1CN01Kib6i6KO3qH2vH2e_!!371421979.jpg,648731865254.jpg,WEIMLU 超级88 一维梦露一 婴幼级专用 护脊黄麻棕 A类面料可全拆 免费试睡101天 下单立减 京东顺丰送到家 TIME:9/620:00-9/1323:59 12% 可叠加优惠满300减60 （详情咨询客服即可） 免费送货到家 先用后付 180天免费仓储 超长保价30天
73,76,650559391013,派乐熊儿童专用床垫加密独立袋弹簧青少年偏硬护脊席梦思学生家用,派乐熊儿童床垫品牌店,1423.0,1,1,"1,423.00",未透出,护脊偏硬支撑 | 独立袋装弹簧,平台/政府大额补贴,促销大字报冲击型,https://detail.tmall.com/item.htm?id=650559391013&sku_properties=21433:50753460,https://detail.tmall.com/item.htm?id=650559391013,https://img.alicdn.com/bao/uploaded/i3/371424161/O1CN01WfF48jHd3qI1chua_!!371424161.jpg,650559391013.jpg,派乐熊×专注儿童健康睡眠 2160颗专利儿童小弹簧 15% 政府补贴 因地区差异，补贴(优惠)信息详见支付页面 家装节 88VIP消费券 立减12% 88VIP专享 儿童 A类亚麻纤维面料 专用 静音护脊独立袋弹簧
74,77,753435672675,铂马仕护脊弹簧床垫黄麻席梦思乳胶软垫家用1.5米 1.8m椰棕硬垫,铂马仕旗舰店,1379.0,1,1,"1,379.00",￥500,护脊偏硬支撑 | 天然乳胶 | 环保椰棕/黄麻,平台/政府大额补贴 | 买赠高价值赠品 | 官方正品权威背书,促销大字报冲击型,https://detail.tmall.com/item.htm?id=753435672675&sku_properties=21433:50753460,https://detail.tmall.com/item.htm?id=753435672675,https://img.alicdn.com/bao/uploaded/i3/2165873208/O1CN01FzUv9ZbMIIB2vH2e_!!4611686018427386424-0-item_pic.jpg,753435672675.jpg,铂马仕 家装节 POMOSER 强效护脊弹簧 POMOSER POMOSER 双重补贴拍下立减！ 惊喜红包限时抢！ 政府补贴 官方补贴 惊喜红包 88折消费券 立减15% 立减12% 不止9折至高减500元 详见支付页面 可叠加店铺券 88VIP可用 送 单品直降约 现货速发顺丰到家 限部分 咨询客服抢舒睡枕X2 尺寸地区 37% 下单入会享好礼 ￥20 会员专享券 门槛 POMOSER
75,78,708089540708,月光之家5cm乳胶床垫超薄家庭用五星级酒店席梦思独立弹簧偏软1.8,moonlightfamily旗舰店,1367.24,1,1,"1,367.24",未透出,天然乳胶,平台/政府大额补贴 | 免费试睡保障 | 花呗免息分期 | 官方正品权威背书,促销大字报冲击型,https://detail.tmall.com/item.htm?id=708089540708&sku_properties=21433:50753460,https://detail.tmall.com/item.htm?id=708089540708,https://img.alicdn.com/bao/uploaded/i4/919851856/O1CN01gkiwXdXkMkG32pKq_!!4611686018427384656-0-item_pic.jpg,708089540708.jpg,Moonlight family MOONLICHT 月光之家 家装节 FAMILY 超薄五星级酒店睡感 适中偏软厚度12-20CM 优惠可叠加 政府补贴官方立减惊喜红包 88VIP 200天免费试睡 15% 12% 150 20年超长质保 3期免息 价保100天 免费取旧 顺丰 SF 0胶+5A双重认证 到家
76,79,626431216907,月光之家儿童床垫天然黄麻棕垫榻榻米硬1.5米青少年学生专用1.2m,moonlightfamily旗舰店,1199.0,1,1,"1,199.00",未透出,护脊偏硬支撑 | 环保椰棕/黄麻 | 双面双睡感/可拆洗,平台/政府大额补贴 | 免费试睡保障 | 花呗免息分期 | 官方正品权威背书,促销大字报冲击型,https://detail.tmall.com/item.htm?id=626431216907&sku_properties=21433:50753460,https://detail.tmall.com/item.htm?id=626431216907,https://img.alicdn.com/bao/uploaded/i3/919851856/O1CN01wej91tS9yxJ32pKq_!!4611686018427384656-0-item_pic.jpg,626431216907.jpg,Moonlight family MOONLICHT 月光之家 家装节 FAMILY 儿童护脊黄麻床垫 软硬双面厚度6-18CM 优惠可叠加 政府补贴官方立减惊喜红包 88VIP 200天免费试睡 15% 12% 150 20年超长质保 3期免息 价保100天 免费取旧 顺丰 SF 0胶+5A双重认证 到家
77,80,943732529605,ROZO黄豆加硬全拆床垫S型天然黄麻乳胶榻榻米矮床儿童偏硬护脊,rozo家具旗舰店,1173.3,2,2,586.65,未透出,护脊偏硬支撑 | 天然乳胶 | 环保椰棕/黄麻,平台/政府大额补贴,促销大字报冲击型,https://detail.tmall.com/item.htm?id=943732529605&sku_properties=21433:50753460,https://detail.tmall.com/item.htm?id=943732529605,https://img.alicdn.com/bao/uploaded/i1/2939975400/O1CN01dMq86L4ZskH2vH2e_!!4611686018427385576-2-item_pic.png,943732529605.jpg,ROZO 秋季家装节 X 全拆零胶水 黄麻薄垫 腰酸终结者 护脊强支撑|全拆可调 15 实付满1500立减 150 88VIP消费券 实付满480立减 60 88VIP消费券 政府补贴 至高立减约 12% 下单立减 15% 45 % 限时优惠券107 ROZO 咨询客服
78,81,942607064286,麻师傅S型黄麻床垫折叠学生榻榻米10cm15椰棕含乳胶老人加硬护腰,麻师傅家具旗舰店,1171.8,2,1,"1,171.80",未透出,护脊偏硬支撑 | 天然乳胶 | 环保椰棕/黄麻,平台/政府大额补贴,促销大字报冲击型,https://detail.tmall.com/item.htm?id=942607064286&sku_properties=21433:50753460,https://detail.tmall.com/item.htm?id=942607064286,https://img.alicdn.com/bao/uploaded/i1/2217706005293/O1CN01ZBmN9x8YE9E1chua_!!4611686018427380525-0-item_pic.jpg,942607064286.jpg,麻师傅 ? 6-15cm黄麻床垫 折叠款翻取方便 政府补贴 15% 家装节 12% 72小时 榻榻米/上下铺/储物床 顺丰发货
79,82,735558795052,悠梦思华夫格独立袋弹簧床垫1.8m压缩乳胶席梦思20cm厚五星酒店,yarges悠梦思旗舰店,1155.0,1,1,"1,155.00",未透出,天然乳胶 | 独立袋装弹簧,平台/政府大额补贴 | 免费试睡保障 | 买赠高价值赠品 | 花呗免息分期 | 官方正品权威背书,促销大字报冲击型,https://detail.tmall.com/item.htm?id=735558795052&sku_properties=21433:50753460,https://detail.tmall.com/item.htm?id=735558795052,https://img.alicdn.com/bao/uploaded/i2/2215907225135/O1CN01w6KXxK0sTLI2vH2e_!!4611686018427383343-0-item_pic.jpg,735558795052.jpg,YARGES悠梦思 压缩卷包盒子床垫 101天真正免费试睡 88 活动下单即享 折 88消费券 YAGES （立即抢购无需凑单） GES 限时立享至高减150元 梦思 88VIP可用 数量有限详情咨询客服 天猫家装节 抢 政府补贴15% 因地区差异，补贴信息详情请见支付页面！ 官方立减12% 下单入会“抢 99 舒睡枕x2 现货下单顺丰速发 质保20年 限部分 尺寸地区 免费送货到家 分期免息 1365天免费仓储
80,83,773925664034,薄款独立袋10cm矮弹簧记忆棉席梦思黄麻偏硬护脊薄床垫家用可拆洗,CEFALU旗舰店,1154.0,1,1,"1,154.00",未透出,护脊偏硬支撑 | 独立袋装弹簧 | 环保椰棕/黄麻 | 零压记忆棉 | 双面双睡感/可拆洗 | 亲肤透气面料,平台/政府大额补贴 | 免费试睡保障 | 买赠高价值赠品,促销大字报冲击型,https://detail.tmall.com/item.htm?id=773925664034&sku_properties=21433:50753460,https://detail.tmall.com/item.htm?id=773925664034,https://img.alicdn.com/bao/uploaded/i2/1692273605/O1CN015qkDip7OQ3L2vH2e_!!4611686018427382725-0-item_pic.jpg,773925664034.jpg,® 超级立减 甄选 CEFALU 尖货 10-14cm薄款弹簧床垫 软硬有度睡感可选 15 再省% 可叠加店内任何优惠活动 政府补贴 快递包邮 免费试睡200天 享政府补贴 预计下单直降 25% 优惠直降10%叠加使用 （环保透气软硬可选拒绝甲醛送货上门） 详情咨询客服
81,84,984636395043,铂马仕薄乳胶床垫独立弹簧软垫记忆棉席梦思椰棕硬垫家用双人1.8m,铂马仕旗舰店,1145.0,1,1,"1,145.00",￥500,护脊偏硬支撑 | 天然乳胶 | 环保椰棕/黄麻 | 零压记忆棉,平台/政府大额补贴 | 免费试睡保障 | 买赠高价值赠品 | 官方正品权威背书,促销大字报冲击型,https://detail.tmall.com/item.htm?id=984636395043&sku_properties=21433:50753460,https://detail.tmall.com/item.htm?id=984636395043,https://img.alicdn.com/bao/uploaded/i1/2165873208/O1CN01ByTxTgzBo1E2vH2e_!!4611686018427386424-0-item_pic.jpg,984636395043.jpg,铂马仕 家装节 POMOSER 120天免费试睡 11-14CM强支撑薄款弹簧床垫 惊喜红包 88折消费券 不止9折至高减500元 88VIP可用 双重补贴拍下立减！ POMOSER POMOSER 政府补贴 官方补贴 立减15% 立减12% 详见支付页面 可叠加店铺券 送 单品直降约 现货速发顺丰到家 限部分 咨询客服抢舒睡枕X2 尺寸地区 37% 下单入会享好礼 ￥20 会员专享券 门槛 POMOSER
82,85,987240660508,铂马仕薄款乳胶弹簧床垫席梦思独立软垫记忆棉床垫家用双人19cm,铂马仕旗舰店,1118.0,1,1,"1,118.00",￥500,天然乳胶 | 零压记忆棉,平台/政府大额补贴 | 免费试睡保障 | 买赠高价值赠品 | 官方正品权威背书,促销大字报冲击型,https://detail.tmall.com/item.htm?id=987240660508&sku_properties=21433:50753460,https://detail.tmall.com/item.htm?id=987240660508,https://img.alicdn.com/bao/uploaded/i3/2165873208/O1CN01HJ96ZBs0rsH2vH2e_!!4611686018427386424-0-item_pic.jpg,987240660508.jpg,铂马仕 家装节 POMOSER 1886颗专利迷你弹簧 mUSE 荣获美国缪斯MUSE设计金奖 DESICN AWARDS POMOSER POMOSER 双重补贴拍下立减！ 惊喜红包限时抢！ 政府补贴 官方补贴 惊喜红包 88折消费券 立减15% 立减12% 不止9折至高减500元 详见支付页面 可叠加店铺券 88VIP可用 送 单品直降约 现货速发顺丰到家 限部分 咨询客服抢舒睡枕X2 尺寸地区 37% 120天真正免费试睡
83,86,1056213868269,品味布帆家用席梦思软垫记忆棉乳胶独立袋弹簧厚床垫双人酒店可选,品味布帆家居旗舰店,1034.59,1,1,"1,034.59",未透出,天然乳胶 | 独立袋装弹簧 | 零压记忆棉,平台/政府大额补贴 | 免费试睡保障 | 买赠高价值赠品 | 花呗免息分期 | 官方正品权威背书,促销大字报冲击型,https://detail.tmall.com/item.htm?id=1056213868269&sku_properties=21433:50753460,https://detail.tmall.com/item.htm?id=1056213868269,https://img.alicdn.com/bao/uploaded/i4/2222488681261/O1CN01UrLnkvkop6J21stE_!!4611686018427386669-0-item_pic.jpg,1056213868269.jpg,品味布帆 ? 家装节 星级睡眠专享 偏软舒适·静音入眠 品味布机 双重补贴-下单立减 政府补贴 官方补贴 立减15% 立减12% 详情咨询客服 详情咨询客服 到手价 120天免费试睡 88VIP专享消费券 869 20年超长质保 拒绝甲醛 塌陷包赔 100天保价 ￥ 3期花呗免息 免费仓储 送货入户无需安装 1.8×2米舒睡A款
84,87,40585578946,铂马仕天然椰棕床垫乳胶硬棕垫席梦思护脊1.5m1.8米折叠定做,铂马仕旗舰店,983.04,1,1,983.04,￥500,护脊偏硬支撑 | 天然乳胶 | 环保椰棕/黄麻,平台/政府大额补贴 | 免费试睡保障 | 买赠高价值赠品 | 官方正品权威背书,促销大字报冲击型 | 产品材质分层结构拆解型,https://detail.tmall.com/item.htm?id=40585578946&sku_properties=21433:50753460,https://detail.tmall.com/item.htm?id=40585578946,https://img.alicdn.com/bao/uploaded/i3/2165873208/O1CN013KV7livukEB1chua_!!4611686018427386424-0-item_pic.jpg,40585578946.jpg,铂马仕 家装节 POMOSER S精细黄麻护脊 面层可拆拒绝甲醛胶水 双重补贴拍下立减！ 惊喜红包限时抢！ 政府补贴 官方补贴 惊喜红包 88折消费券 立减15% 立减12% 不止9折至高减500元 详见支付页面 可叠加店铺券 88VIP可用 送 现货速发顺丰到家 限部分 咨询客服抢舒睡枕X2 单品直降约 尺寸地区 37% 100天真正免费试睡
85,88,997397669549,政府补贴悠梦思S形黄麻全拆床垫1.8米1.5m儿童老人护脊硬宿舍薄垫,yarges悠梦思旗舰店,963.3,1,1,963.30,未透出,护脊偏硬支撑 | 环保椰棕/黄麻,平台/政府大额补贴 | 买赠高价值赠品 | 花呗免息分期 | 官方正品权威背书,促销大字报冲击型,https://detail.tmall.com/item.htm?id=997397669549&sku_properties=21433:50753460,https://detail.tmall.com/item.htm?id=997397669549,https://img.alicdn.com/bao/uploaded/i2/2215907225135/O1CN01Qy1Q2gSOZ2F2vH2e_!!4611686018427383343-0-item_pic.jpg,997397669549.jpg,YARGES悠梦思 全拆“S型”黄麻床垫 YARGES 88 活动下单即享 折 88消费券 （立即抢购无需凑单） 限时立享至高减150元 88VIP可用 数量有限详情咨询客服 天猫家装节 抢 政府补贴15% 因地区差异，补贴信息详情请见支付页面！ 官方立减12% 下单入会“抢 舒睡枕x2 现货下单顺丰速发 拒绝塌陷 限部分 尺寸地区 。免费送货到家 分期免息 盒365天免费仓储
86,89,704696475115,布莱轩尼10-15cm薄全拆床垫卧室偏硬黄麻席梦思矮弹簧家用榻榻米,布莱轩尼旗舰店,922.0,1,1,922.00,未透出,护脊偏硬支撑 | 环保椰棕/黄麻,平台/政府大额补贴 | 官方正品权威背书,促销大字报冲击型,https://detail.tmall.com/item.htm?id=704696475115&sku_properties=21433:50753460,https://detail.tmall.com/item.htm?id=704696475115,https://img.alicdn.com/bao/uploaded/i3/1104379506/O1CN01Z45jUrt2nqD1chua_!!4611686018427387506-0-item_pic.jpg,704696475115.jpg,布莱轩尼 天猫家装节 10-15cml 偏硬护脊 全拆薄弹簧床垫 家装节立减12% 政府补贴 立减15% 详情咨询客服 TMALL天猫 买贵退差价·售后无忧 家装节 官方立减12% 官方立减12%+政府补贴15%
87,90,1053690840174,悠梦思全拆S型黄麻床垫国家补贴乳胶1.8米儿童老人护脊10cm硬椰棕,yarges悠梦思旗舰店,871.51,1,1,871.51,未透出,护脊偏硬支撑 | 天然乳胶 | 环保椰棕/黄麻,平台/政府大额补贴 | 买赠高价值赠品 | 花呗免息分期 | 官方正品权威背书,促销大字报冲击型,https://detail.tmall.com/item.htm?id=1053690840174&sku_properties=21433:50753460,https://detail.tmall.com/item.htm?id=1053690840174,https://img.alicdn.com/bao/uploaded/i1/2215907225135/O1CN01gyCTPaiLrNG2vH2e_!!4611686018427383343-0-item_pic.jpg,1053690840174.jpg,YARGES悠梦思/舒脊 舒脊好梦 腰酸终结者 一张全家人可睡的床垫 Persiana Cine-no 下单入会 88 抢舒睡枕*2 88消费券 活动下单即享 折(立即抢购无需凑单) 送 限时立享至高减150元 政府 15% 惊喜红包 官方 12% 补贴 立减 88VIP可用 + + 补贴随时结束不补差价 官方补贴限时优惠不补差价 （下单立享优惠） *详情咨询客服* 天猫家装节 现货下单顺丰速发 咨询客服享惊喜 （限部分尺寸地区） 拒绝甲醛 免费送货到家10分期免息1盒365天免费仓储
88,91,676138544613,记忆棉薄款床垫凝胶慢回弹榻榻米床垫子软垫家用学生宿舍褥子海绵,睡眠骑士床垫企业店,811.0,1,1,811.00,未透出,零压记忆棉 | 亲肤透气面料,免费试睡保障 | 买赠高价值赠品 | 花呗免息分期 | 官方正品权威背书,标准电商综合展示型,https://detail.tmall.com/item.htm?id=676138544613&sku_properties=21433:50753460,https://detail.tmall.com/item.htm?id=676138544613,https://img.alicdn.com/bao/uploaded/i1/720743073/O1CN016Pf3TV1YZUESXvaYO_!!720743073.jpg,676138544613.jpg,SLEEP° 睡眠骑士 官方优选 KNIGHT 凝胶记忆棉薄款软垫 200天免费试睡 3-10cm 200天免费试睡 20年超长质保 透气薄垫 现货速发 顺丰送到家 部分尺寸 及地区 花呗分期免息 365天免费仓储 免费送货到家
89,92,1056256518394,品味布帆薄款乳胶弹簧床垫记忆棉席梦思黄麻12cm15厘米厚软硬可选,品味布帆家居旗舰店,807.04,1,1,807.04,未透出,天然乳胶 | 独立袋装弹簧 | 环保椰棕/黄麻 | 零压记忆棉,平台/政府大额补贴 | 免费试睡保障 | 买赠高价值赠品 | 花呗免息分期 | 官方正品权威背书,促销大字报冲击型,https://detail.tmall.com/item.htm?id=1056256518394&sku_properties=21433:50753460,https://detail.tmall.com/item.htm?id=1056256518394,https://img.alicdn.com/bao/uploaded/i1/2222488681261/O1CN01BJBpa8v8fgL21stE_!!4611686018427386669-0-item_pic.jpg,1056256518394.jpg,品味布帆 ? 家装节 薄款独袋弹簧垫 12/15cm厚可选 双重补贴下单立减 品味布机 政府补贴 官方补贴 立减15% 立减12% + 详情咨询客服 详情咨询客服 到手价 120天免费试睡 88VIP专享消费券 738 20年超长质保 拒绝甲醛 塌陷包赔 100天保价 夫 3期花呗免息 免费仓储 送货入户无需安装 1.8×2米薄垫A款
90,93,922386927791,政府补贴悠梦思乳胶弹簧床垫席梦思精细S黄麻1.8米1.5m卧室租房厚,yarges悠梦思旗舰店,803.0,1,1,803.00,未透出,天然乳胶 | 环保椰棕/黄麻,平台/政府大额补贴 | 免费试睡保障 | 买赠高价值赠品 | 花呗免息分期 | 官方正品权威背书,促销大字报冲击型,https://detail.tmall.com/item.htm?id=922386927791&sku_properties=21433:50753460,https://detail.tmall.com/item.htm?id=922386927791,https://img.alicdn.com/bao/uploaded/i4/2215907225135/O1CN01OXefH3OM9lE2vH2e_!!4611686018427383343-0-item_pic.jpg,922386927791.jpg,YARGES悠梦思 不贵但真的好 101天真正免费试睡 88 YARGES|悠梦思 折 活动下单即享 88消费券 （立即抢购无需凑单） 限时立享至高减150元 88VIP可用 数量有限详情咨询客服 天猫家装节 抢 政府补贴15% 因地区差异，补贴信息详情请见支付页面！ 官方立减12% 下单入会“抢 舒睡枕×2 现货下单顺丰速发 质保20年 限部分 尺寸地区 免费送货到家 分期免息 盒365天免费仓储
91,94,997467867127,麻师傅全拆S形黄麻薄床垫10cm厚老人儿童加硬护腰脊椰棕榈榻榻米,麻师傅舒梦专卖店,761.45,1,1,761.45,未透出,护脊偏硬支撑 | 环保椰棕/黄麻,平台/政府大额补贴 | 买赠高价值赠品,促销大字报冲击型,https://detail.tmall.com/item.htm?id=997467867127&sku_properties=21433:50753460,https://detail.tmall.com/item.htm?id=997467867127,https://img.alicdn.com/bao/uploaded/i1/2221247863396/O1CN01z8AzZspW2eD1chua_!!4611686018427386468-0-item_pic.jpg,997467867127.jpg,麻师傅 ? 6-20cm黄麻床垫 偏硬护脊腰轻松 政府补贴 15% 家装节 12% 拒绝 下单赠送大件运费险 甲醛 中青年/老人/孕童
92,95,1081728080567,派乐熊学生宿舍专用床垫90cmx200cm上下铺单人记忆棉软85cmx190cm,PARELER BEAR旗舰店,674.84,3,3,224.95,未透出,零压记忆棉,平台/政府大额补贴 | 免费试睡保障 | 官方正品权威背书,促销大字报冲击型,https://detail.tmall.com/item.htm?id=1081728080567&sku_properties=21433:50753460,https://detail.tmall.com/item.htm?id=1081728080567,https://img.alicdn.com/bao/uploaded/i1/2219146481808/O1CN01iHMSxiKAErH1chua_!!4611686018427383952-0-item_pic.jpg,1081728080567.jpg,PARELER BEAR 专为宿舍睡眠 新做的记忆棉床垫 15% 政府补贴 因地区差异，补贴（优惠）信息详见支付页面 家装节 88VIP消费券 立减12% 88VIP专享 新升级学生宿舍记忆棉床垫 30天免费试睡 4年质保 90天仓储 免费仓储
93,96,17048177986,加硬天然S形黄麻床垫家用儿童老人护腰脊10cm薄榻榻米椰棕含乳胶,布莱轩尼旗舰店,615.0,1,1,615.00,未透出,护脊偏硬支撑 | 天然乳胶 | 环保椰棕/黄麻,平台/政府大额补贴 | 官方正品权威背书,促销大字报冲击型,https://detail.tmall.com/item.htm?id=17048177986&sku_properties=21433:50753460,https://detail.tmall.com/item.htm?id=17048177986,https://img.alicdn.com/bao/uploaded/i3/1104379506/O1CN01121InMUJhlF1chua_!!4611686018427387506-0-item_pic.jpg,17048177986.jpg,布莱轩尼 天猫家装节 硬弹黄麻床垫 6cm-20cm 家装节立减12% 政府补贴 立减15% 详情咨询客服 TMALL天猫 买贵退差价·售后无忧 家装节 官方立减12% 官方立减12%+政府补贴15%
94,99,1067750986444,月光之家学生宿舍床垫上下铺专用薄垫单人0.9m软垫子记忆棉可拆洗,moonlightfamily旗舰店,304.0,1,1,304.00,未透出,零压记忆棉 | 双面双睡感/可拆洗,免费试睡保障 | 买赠高价值赠品,标准电商综合展示型,https://detail.tmall.com/item.htm?id=1067750986444&sku_properties=21433:50753460,https://detail.tmall.com/item.htm?id=1067750986444,https://img.alicdn.com/bao/uploaded/i2/919851856/O1CN01urdGd26nwXK32pKq_!!4611686018427384656-0-item_pic.jpg,1067750986444.jpg,学生宿舍专用床垫 轻便小巧便携搬运 赠 手提收纳袋 外套可拆洗 送 晒宿舍照片送护颈记忆枕 30天 记忆棉薄垫学生宿舍床优选 免费试睡
95,121,1053628373215,【0.01元锁定多件优惠折上折】甜蜜睡眠床垫专属特权 单拍不发货,甜蜜睡眠旗舰店,0.01,1,1,0.01,未透出,基础常规款,常规日销,促销大字报冲击型,https://detail.tmall.com/item.htm?id=1053628373215&sku_properties=21433:50753460,https://detail.tmall.com/item.htm?id=1053628373215,https://img.alicdn.com/bao/uploaded/i1/2215897735682/O1CN01nXnZ0u1rqPaVzcC2d_!!4611686018427380226-0-item_pic.jpg,1053628373215.jpg,*本链接不发实物，仅保留优惠资格 0.01元预订折上折 买越多省越多 优惠保留有效期3个月 甜蜜睡眠 Zzz sweetsleepmattress
