原排名,商品ID,标题,店铺,支付件数,支付金额,剔除原因
36,40369770804,草原村 风干牛肉干9成干超干正宗内蒙古特产办公室休闲零食488g,草原村旗舰店,24,5079.17,非床垫商品 (包含食品特产/运费专拍差价关键词: 牛肉)
47,42777260910,草原村 风干牛肉干9成干超干正宗内蒙古草原特产办公室休闲零食,草原村旗舰店,40,3382.13,非床垫商品 (包含食品特产/运费专拍差价关键词: 牛肉)
68,610660628387,草原村 八成干风干牛肉干正宗内蒙古特产休闲零食独立小包装500g,草原村旗舰店,15,2022.93,非床垫商品 (包含食品特产/运费专拍差价关键词: 牛肉)
97,619671590241,草原村风干牛肉干500g金箔锁鲜正宗内蒙古特产零食即食肉干肉脯,草原村旗舰店,4,501.66,非床垫商品 (包含食品特产/运费专拍差价关键词: 牛肉)
98,628250957456,moonlightfamily顾客订单申请售后退换货差价链接,moonlightfamily旗舰店,501,501.0,非床垫商品 (包含食品特产/运费专拍差价关键词: 差价)
100,663753403176,moonlightfamily 床垫优惠专拍链接,moonlightfamily旗舰店,300,300.0,非床垫商品 (包含食品特产/运费专拍差价关键词: 专拍)
101,613723923241,草原村 手工炭烤牛肉干8成干内蒙古果木炭烤风干特产休闲零食500g,草原村旗舰店,2,283.0,非床垫商品 (包含食品特产/运费专拍差价关键词: 牛肉)
102,16353075304,moonlightfamily月光之家品牌价格差价 运费补差 专拍链接,moonlightfamily旗舰店,280,280.0,非床垫商品 (包含食品特产/运费专拍差价关键词: 差价)
103,679832055604,草原村 细条九成超干牛肉干正宗内蒙古风干休闲零食特产160g罐装,草原村旗舰店,3,227.8,非床垫商品 (包含食品特产/运费专拍差价关键词: 牛肉)
104,1051950014088,草原村牛肉干正宗内蒙古特产官方旗舰店9成风干长条办公零食500g,草原村旗舰店,1,224.0,非床垫商品 (包含食品特产/运费专拍差价关键词: 牛肉)
105,665538041982,草原村正宗牛板筋开袋即食内蒙古香辣烧烤零食特产独立小包装500g,草原村旗舰店,3,204.48,非床垫商品 (包含食品特产/运费专拍差价关键词: 特产)
106,761899661619,草原村 牛蹄筋内蒙古香辣味五香味麻辣零食特产小吃独立包装500g,草原村旗舰店,2,174.8,非床垫商品 (包含食品特产/运费专拍差价关键词: 特产)
107,970882276120,草原村月饼内蒙古特产奶月饼中秋节礼品芝士26年新款礼盒,草原村旗舰店,3,165.39,非床垫商品 (包含食品特产/运费专拍差价关键词: 特产)
108,585250647672,草原村酱香油炸芥菜干内蒙古风干金芥肉干晒干咸菜疙瘩香辣160g*3,草原村旗舰店,3,119.4,非床垫商品 (未包含任何床垫核心品类词)
109,599970018257,草原村牛肉干内蒙古风干牛肉干条特产休闲零食手撕香辣麻辣98g,草原村旗舰店,4,117.6,非床垫商品 (包含食品特产/运费专拍差价关键词: 牛肉)
110,1060491540081,草原村 加厚奶皮子酸奶圆桶超厚低温短保内蒙古直供奶源顺丰冷运,草原村旗舰店,3,105.4,非床垫商品 (未包含任何床垫核心品类词)
111,546142461306,草原村 内蒙古奶片奶贝零食 内蒙古特产 奶制品 原味/酸奶味120g,草原村旗舰店,3,40.86,非床垫商品 (包含食品特产/运费专拍差价关键词: 特产)
112,979249962024,草原村内蒙古风干芥菜干咸菜疙瘩通辽特产金芥肉250克*1罐,草原村旗舰店,2,34.8,非床垫商品 (包含食品特产/运费专拍差价关键词: 特产)
113,532004453424,草原村老咸菜疙瘩风干芥肉干内蒙古通辽赤峰金芥菜干特产干货488g,草原村旗舰店,1,29.8,非床垫商品 (包含食品特产/运费专拍差价关键词: 特产)
114,567480050567,草原村 赤峰油炸香辣酱香芥菜干风干金芥肉干晒干老咸菜疙瘩250g,草原村旗舰店,1,26.0,非床垫商品 (未包含任何床垫核心品类词)
115,609734853738,草原村通辽特产 手切芥肉干咸菜片内蒙古通辽风干疙瘩干晒干120g,草原村旗舰店,1,18.0,非床垫商品 (包含食品特产/运费专拍差价关键词: 特产)
116,721745371786,草原村内蒙古风干芥菜干咸菜疙瘩通辽特产金芥肉 罐装250克*1罐,牛元帅草原食品店,1,17.8,非床垫商品 (包含食品特产/运费专拍差价关键词: 特产)
117,675359454995,草原村香辣油炸芥菜丝内蒙古通辽金芥肉干疙瘩下饭菜神器晒干250g,草原村旗舰店,1,14.46,非床垫商品 (未包含任何床垫核心品类词)
118,1044271755359,0.1元预定回购享优惠,铂马仕旗舰店,26,2.6,非床垫商品 (未包含任何床垫核心品类词)
119,850712707819,1元入会,凯菲露家具旗舰店,2,2.0,非床垫商品 (未包含任何床垫核心品类词)
120,1045970553820,0.1元入会好礼,yarges悠梦思旗舰店,14,1.4,非床垫商品 (未包含任何床垫核心品类词)
122,534628505681,草原村内蒙古奶酪牛奶条棒干吃奶制品特产零食酸奶独立小包装120g,草原村旗舰店,0,0.0,无销量 (支付件数=0 或 支付金额=0)
123,541131899892,草原村内蒙古纯正牛肉干手工炭烤8成肉干风干特产独立小包装200g,草原村旗舰店,0,0.0,无销量 (支付件数=0 或 支付金额=0)
124,566735041553,原生黄麻床垫华夫格纯棉乳胶偏硬席梦思优群护脊折叠定制1.5m棕垫,优群家居正品商城,0,0.0,无销量 (支付件数=0 或 支付金额=0)
125,567446951949,青少年席梦思1.5m独立弹簧1.2米软硬两用天然椰棕垫儿童护脊床垫,优群家居正品商城,0,0.0,无销量 (支付件数=0 或 支付金额=0)
126,568573405565,草原村沙果干内蒙古特产休闲零食沙地海棠果干酸甜果脯299克*1盒,草原村旗舰店,0,0.0,无销量 (支付件数=0 或 支付金额=0)
127,577783543121,睡眠骑士弹簧床垫1.5米1.8酒店乳胶椰棕软硬双面席梦思硬垫经济型,睡眠骑士床垫企业店,0,0.0,无销量 (支付件数=0 或 支付金额=0)
128,617195410423,睡眠骑士盒子床垫压缩卷包席梦思 独立弹簧软垫酒店乳胶1.8米家用,睡眠骑士床垫企业店,0,0.0,无销量 (支付件数=0 或 支付金额=0)
129,626297496804,月光之家高端床垫7cm按摩乳胶家用五星级酒店睡感独立弹簧双人1.8,moonlightfamily旗舰店,0,0.0,无销量 (支付件数=0 或 支付金额=0)
130,638853226945,优群席梦思床垫家用软垫软硬两用椰棕1.8m酒店硬垫厚乳胶独立弹簧,优群家居正品商城,0,0.0,无销量 (支付件数=0 或 支付金额=0)
131,642344219408,适用于宜家汉尼斯沙发床床垫可折叠黄麻椰棕乳胶坐卧两用1.6*2m,棕葆王国品牌店,0,0.0,无销量 (支付件数=0 或 支付金额=0)
132,642436132867,5cm乳胶席梦思五星酒店双人床垫独立弹簧双层加厚1.8米超软垫椰棕,铂马仕旗舰店,0,0.0,无销量 (支付件数=0 或 支付金额=0)
133,667156597347,梦织葆独立弹簧席梦思偏硬护脊床垫乳胶黄麻椰棕家用官方十大品牌,梦织葆家居品牌店,0,0.0,无销量 (支付件数=0 或 支付金额=0)
134,688019802249,草原村内蒙古自治区奶制品酪酥三角形奶酪儿童零食独立包装318g,草原村旗舰店,0,0.0,无销量 (支付件数=0 或 支付金额=0)
135,689805686204,邮费 补差价专用 单拍不发货,睡眠骑士床垫企业店,0,0.0,无销量 (支付件数=0 或 支付金额=0)
136,693160632302,天然黄麻棕垫环保3e椰棕床垫儿童榻榻米折叠家用加硬护脊定制薄款,棕葆王国品牌店,0,0.0,无销量 (支付件数=0 或 支付金额=0)
137,713810571113,可拆洗薄款15cm弹簧3D透气偏硬护脊席梦思黄麻床垫榻榻米家用,CEFALU旗舰店,0,0.0,无销量 (支付件数=0 或 支付金额=0)
138,727470484194,派乐熊全拆儿童床垫可拆卸0胶水工艺调节软硬护脊独立弹簧席梦思,派乐熊旗舰店,0,0.0,无销量 (支付件数=0 或 支付金额=0)
139,754064067524,悠梦思黄麻乳胶床垫1.8米家用儿童椰棕护脊薄垫棕垫1.5m折叠加硬,yarges悠梦思旗舰店,0,0.0,无销量 (支付件数=0 或 支付金额=0)
140,796603383885,yarges悠梦思618狂欢0.1元预约抽奖好礼特权必拍【限1000份】,yarges悠梦思旗舰店,0,0.0,无销量 (支付件数=0 或 支付金额=0)
141,826172426744,睡眠骑士薄款独立袋弹簧床垫席梦思10cm厚硬垫子乳胶加硬天然黄麻,睡眠骑士床垫企业店,0,0.0,无销量 (支付件数=0 或 支付金额=0)
142,829970700988,凯菲露山隐盒子护脊乳胶独立弹簧床垫席梦思硬垫子家用卧室20cm厚,凯菲露家具旗舰店,0,0.0,无销量 (支付件数=0 或 支付金额=0)
143,837754312562,月光之家记忆棉床垫家庭用独立弹簧双人席梦思软硬酒店卧室1.8米,moonlightfamily旗舰店,0,0.0,无销量 (支付件数=0 或 支付金额=0)
144,871492255526,月光之家乳胶床垫家用软硬独立弹簧护腰护脊黄麻双人席梦思可定制,moonlightfamily旗舰店,0,0.0,无销量 (支付件数=0 或 支付金额=0)
145,962636733969,ROZO15CM软硬薄独立矮弹簧床垫乳胶黄麻高箱儿童榻榻米10公分12CM,rozo家具旗舰店,0,0.0,无销量 (支付件数=0 或 支付金额=0)
146,979528835914,国家补贴铂马仕加厚乳胶酒店弹簧记忆棉席梦思软床垫家用1.8m硬垫,铂马仕旗舰店,0,0.0,无销量 (支付件数=0 或 支付金额=0)
147,992400667355,草原村 鲜乳酪0蔗糖奶酥奶酪内蒙古鲜牛乳制无植脂末混合装500g,草原村旗舰店,0,0.0,无销量 (支付件数=0 或 支付金额=0)
148,1025367985156,铂马仕云歌全拆床垫席梦思弹簧乳胶薄垫子软硬可调黄麻硬垫家用软,铂马仕旗舰店,0,0.0,无销量 (支付件数=0 或 支付金额=0)
149,1025910026008,悠梦思可拆卸席梦思水洗床垫独立袋弹簧1.8m记忆棉软硬可调节酒店,yarges悠梦思旗舰店,0,0.0,无销量 (支付件数=0 或 支付金额=0)
150,1028434008034,睡眠骑士榻榻米床垫天然黄麻定制尺寸乳胶椰棕硬垫护脊床垫子儿童,睡眠骑士床垫企业店,0,0.0,无销量 (支付件数=0 或 支付金额=0)
151,1044931207918,月光之家儿童床垫护脊独立袋弹簧加粗黄麻可全拆席梦思1.8米1.5m,moonlightfamily旗舰店,0,0.0,无销量 (支付件数=0 或 支付金额=0)
152,1055461434406,派乐熊独立袋弹簧床垫乳胶记忆棉席梦思软垫黄麻偏硬护脊双人家用,PARELER BEAR旗舰店,0,0.0,无销量 (支付件数=0 或 支付金额=0)
153,1055818322651,派乐熊独立袋弹簧床垫乳胶记忆棉席梦思软垫黄麻偏硬护脊双人家用,派乐熊旗舰店,0,0.0,无销量 (支付件数=0 或 支付金额=0)
154,1064210526530,派乐熊学生宿舍专用床垫90cmx200cm上下铺单人记忆棉软85cmx190cm,派乐熊儿童床垫品牌店,0,0.0,无销量 (支付件数=0 或 支付金额=0)
155,1065338283292,睡眠骑士大学生宿舍专用床垫透气单人90x190cm国家补贴床垫记忆棉,睡眠骑士床垫企业店,0,0.0,无销量 (支付件数=0 或 支付金额=0)
156,1069210598370,3cm黄麻偏硬独立弹簧床垫青年老人护腰脊加硬神器家用席梦思22cm,布莱轩尼旗舰店,0,0.0,无销量 (支付件数=0 或 支付金额=0)
157,19454266014,1元差价链接,CEFALU旗舰店,0,0.0,无销量 (支付件数=0 或 支付金额=0)
158,24564568640,月光之家天然乳胶床垫家用子母式席梦思软垫三层可拆加厚3D1.8米,moonlightfamily旗舰店,0,0.0,无销量 (支付件数=0 或 支付金额=0)
159,35427751133,moonlightfamily进口乳胶床垫 双人席梦思独立弹簧1.5米 1.8m床垫,moonlightfamily旗舰店,0,0.0,无销量 (支付件数=0 或 支付金额=0)
160,38883955175,精细S型儿童黄麻床垫1.2上下床硬椰棕垫乳胶1.5m折叠榻榻米,布莱轩尼旗舰店,0,0.0,无销量 (支付件数=0 或 支付金额=0)
161,39529399419,布莱轩尼天然精细S形黄麻床垫儿童老人偏硬护脊10cm薄椰棕榻榻米,布莱轩尼旗舰店,0,0.0,无销量 (支付件数=0 或 支付金额=0)
162,40403500638,草原村 八成干风干牛肉干正宗内蒙古特产休闲零食独立小包装200g,草原村旗舰店,0,0.0,无销量 (支付件数=0 或 支付金额=0)
163,41539078425,MOON乳胶床垫5CM席梦思弹簧床垫1.5M1.8M进口天然乳胶软硬两用,moonlightfamily旗舰店,0,0.0,无销量 (支付件数=0 或 支付金额=0)
164,42834836992,席梦思独立袋弹簧乳胶儿童床垫软垫1.5米椰棕偏硬床垫双人家用,CEFALU旗舰店,0,0.0,无销量 (支付件数=0 或 支付金额=0)
165,43000653365,布莱轩尼3cm乳胶席梦思凝胶记忆棉弹簧床垫加厚28cm酒店家用偏软,布莱轩尼旗舰店,0,0.0,无销量 (支付件数=0 或 支付金额=0)
166,43449860120,草原村 风干牛肉干礼盒内蒙古特产大礼包零食送长辈高端礼品1151g,草原村旗舰店,0,0.0,无销量 (支付件数=0 或 支付金额=0)
167,43657665885,天然环保椰棕黄麻榻榻米床垫儿童护脊椎乳胶垫偏硬可拆洗折叠床垫,CEFALU旗舰店,0,0.0,无销量 (支付件数=0 或 支付金额=0)
168,43671626227,铂马仕 5cm进口乳胶3D空气纤维进口床垫九区独立弹簧床垫席梦思,铂马仕旗舰店,0,0.0,无销量 (支付件数=0 或 支付金额=0)
169,45014137732,布莱轩尼儿童床垫1.2米天然椰棕床垫棕垫棕榈硬席梦思1.5/1.8定做,布莱轩尼旗舰店,0,0.0,无销量 (支付件数=0 或 支付金额=0)
170,520109129797,moon 儿童硬床垫 棕榈全棕垫环保偏硬床垫席梦思天然椰棕护脊床垫,moonlightfamily旗舰店,0,0.0,无销量 (支付件数=0 或 支付金额=0)
171,521035549829,布莱轩尼独立弹簧椰棕席梦思床垫官方牌乳胶软垫家用厚20cm卧室,布莱轩尼旗舰店,0,0.0,无销量 (支付件数=0 或 支付金额=0)
172,522896607337,铂马仕S黄麻护脊床垫棕垫席梦思儿童天然硬垫1.5米折叠乳胶环保垫,铂马仕旗舰店,0,0.0,无销量 (支付件数=0 或 支付金额=0)
173,523759687251,月光之家2cm乳胶床垫家庭用双人独立袋弹簧卧室席梦思软1.8米1.5m,moonlightfamily旗舰店,0,0.0,无销量 (支付件数=0 或 支付金额=0)
174,527030351823,月光之家拉扣手工床垫家用软独立弹簧乳胶羊毛蚕丝加厚席梦思1.8m,moonlightfamily旗舰店,0,0.0,无销量 (支付件数=0 或 支付金额=0)
175,527750219515,天然乳胶床垫5cm双人1.8m床3cm橡胶泰国乳胶床垫1.5m乳胶垫1.2米,铂马仕旗舰店,0,0.0,无销量 (支付件数=0 或 支付金额=0)
176,528755017391,月光之家儿童床垫独立弹簧棕垫护脊乳胶家用席梦思床垫1.8米1.5m,moonlightfamily旗舰店,0,0.0,无销量 (支付件数=0 或 支付金额=0)
177,529352901694,10cm高箱独立薄弹簧床垫家用乳胶榻榻米黄麻护脊棕垫15分厚席梦思,铂马仕旗舰店,0,0.0,无销量 (支付件数=0 或 支付金额=0)
178,530949698933,草原村内蒙古超风干牛肉粒手撕零食特产孕妇香麻辣短条边角料200g,草原村旗舰店,0,0.0,无销量 (支付件数=0 或 支付金额=0)
179,535595500419,月光之家日本4D空气纤维床垫独立弹簧席梦思椰棕垫偏硬1.8米加厚,moonlightfamily旗舰店,0,0.0,无销量 (支付件数=0 或 支付金额=0)
180,551529307732,布莱轩尼全拆两用卧室薄床垫矮独立弹簧席梦思软20cm含乳胶记忆棉,布莱轩尼旗舰店,0,0.0,无销量 (支付件数=0 或 支付金额=0)
181,554453366403,ROZO床垫席梦思3D记忆棉软硬适中1.5米1.8m独立弹簧卷包家用床垫,rozo家具旗舰店,0,0.0,无销量 (支付件数=0 或 支付金额=0)
182,557488215167,ROZO乳胶床垫5cm弹簧床垫软硬双人环保椰棕垫1.5m 1.8m席梦思床垫,rozo家具旗舰店,0,0.0,无销量 (支付件数=0 或 支付金额=0)
183,563941033815,弹簧床垫 偏硬 中老人 双面用1.8m 1.5米天然椰棕乳胶席梦思床垫,棕葆王国品牌店,0,0.0,无销量 (支付件数=0 或 支付金额=0)
184,573950419958,家用卧室薄天然S形黄麻床垫软加硬神器3/5cm老人护腰脊椰棕含乳胶,布莱轩尼旗舰店,0,0.0,无销量 (支付件数=0 或 支付金额=0)
185,582778259247,草原村奶茶 内蒙古奶茶砖茶炒米20小包袋装冲饮甜味咸味400g,草原村旗舰店,0,0.0,无销量 (支付件数=0 或 支付金额=0)
186,593982170286,铂马仕儿童护脊弹簧床垫席梦思 青少年1.2软硬两用进口乳胶椰棕垫,铂马仕旗舰店,0,0.0,无销量 (支付件数=0 或 支付金额=0)
187,594335980486,天然椰棕床垫 儿童护脊棕榈垫软硬棕垫薄席梦思1.5米1.8m折叠定制,布莱轩尼旗舰店,0,0.0,无销量 (支付件数=0 或 支付金额=0)
188,597538559883,草原村内蒙古超风干牛肉干休闲零食手撕特产香辣麻辣试吃25g*2,草原村旗舰店,0,0.0,无销量 (支付件数=0 或 支付金额=0)
189,612521306609,国家补贴儿童护脊床垫全拆无甲醛偏硬家用乳胶弹簧椰棕1.5米20c厚,佛山享睡床垫品牌店,0,0.0,无销量 (支付件数=0 或 支付金额=0)
190,623718173982,月光之家3cm天然乳胶床垫家用五星级酒店独立弹簧加厚席梦思1.8米,moonlightfamily旗舰店,0,0.0,无销量 (支付件数=0 或 支付金额=0)
191,626618661459,MF月光之家恒温面料 5cm进口天然乳偏软独立袋弹簧床垫凝胶记忆棉,moonlightfamily旗舰店,0,0.0,无销量 (支付件数=0 或 支付金额=0)
192,635575176530,儿童护脊无甲醛黄麻乳胶椰棕 1.2棕榈床垫硬垫1.35米定制折叠双面,佛山享睡床垫品牌店,0,0.0,无销量 (支付件数=0 或 支付金额=0)
193,637957683669,睡眠骑士15cm厚床垫高箱床薄垫席梦思乳胶榻榻米10公分椰棕硬垫子,睡眠骑士床垫企业店,0,0.0,无销量 (支付件数=0 或 支付金额=0)
194,638409773842,乳胶床垫超软独立弹簧席梦思家用软垫五星酒店30cm加厚2.2米,棕葆王国品牌店,0,0.0,无销量 (支付件数=0 或 支付金额=0)
195,644162229737,布莱轩尼全拆席梦思弹簧床垫酒店含乳胶记忆棉卧室偏软20cm厚家用,布莱轩尼旗舰店,0,0.0,无销量 (支付件数=0 或 支付金额=0)
196,650338438648,草原村风干牛肉干礼盒定制内蒙古特产大礼包零食送高端礼品1485g,草原村旗舰店,0,0.0,无销量 (支付件数=0 或 支付金额=0)
197,651781164154,月光之家中老年床垫家用黄麻棕垫硬独立弹簧护脊席梦思1.8米1.5m,moonlightfamily旗舰店,0,0.0,无销量 (支付件数=0 或 支付金额=0)
198,652575058615,月光之家黄麻床垫家庭用独立弹簧加厚加硬双人卧室席梦思中老年用,moonlightfamily旗舰店,0,0.0,无销量 (支付件数=0 或 支付金额=0)
199,656332991247,儿童弹簧床垫专用席梦思无甲醛护脊垫青少年软硬两用椰棕垫可定制,佛山享睡床垫品牌店,0,0.0,无销量 (支付件数=0 或 支付金额=0)
201,669274531222,儿童床垫全拆黄麻专用榻榻米3D空气纤维无甲醛青少年1.2米1.5m垫,佛山享睡床垫品牌店,0,0.0,无销量 (支付件数=0 或 支付金额=0)
202,669738617140,天然S型精细环保黄麻儿童偏硬护脊榻榻米乳胶记忆棉床垫可拆洗,CEFALU旗舰店,0,0.0,无销量 (支付件数=0 或 支付金额=0)
203,673206164922,天然S型环保黄麻儿童专用床垫护脊乳胶垫偏硬椰棕榻榻米垫,CEFALU旗舰店,0,0.0,无销量 (支付件数=0 或 支付金额=0)
204,673377643253,ROZO五星酒店独立弹簧床垫进口乳胶席梦思家用软垫1.8m床垫子儿童,rozo家具旗舰店,0,0.0,无销量 (支付件数=0 或 支付金额=0)
205,674874411395,月光之家儿童床垫家用黄麻护脊硬全棉面料上下铺1.5米1.2m可定制,moonlightfamily旗舰店,0,0.0,无销量 (支付件数=0 或 支付金额=0)
206,674964478669,睡眠骑士S型精细黄麻床垫乳胶 榻榻米家用椰棕儿童垫护脊加硬棕榈,睡眠骑士床垫企业店,0,0.0,无销量 (支付件数=0 或 支付金额=0)
207,676129767435,派乐熊独立袋弹簧床垫乳胶记忆棉席梦思软垫黄麻偏硬护脊双人家用,派乐熊儿童床垫品牌店,0,0.0,无销量 (支付件数=0 或 支付金额=0)
208,676476600639,草原村香辣芥菜丝内蒙古风干芥肉干老咸菜疙瘩芥菜干咸菜大全500g,草原村旗舰店,0,0.0,无销量 (支付件数=0 或 支付金额=0)
209,676927407863,铂马仕盒子床垫卷包乳胶弹簧软垫家用记忆棉1.8米酒店席梦思压缩,铂马仕旗舰店,0,0.0,无销量 (支付件数=0 或 支付金额=0)
210,679854060047,可全拆独立弹簧床垫记忆棉含乳胶黄麻家用偏软硬卧室席梦思22cm厚,布莱轩尼旗舰店,0,0.0,无销量 (支付件数=0 或 支付金额=0)
211,680161231199,moonlightfamily月光之家床垫 七夕礼遇季 0.01元抢10大特权定金,moonlightfamily旗舰店,0,0.0,无销量 (支付件数=0 或 支付金额=0)
212,680541369411,睡眠骑士15cm薄床垫双面20cm厚乳胶席梦思椰棕五星家用软垫记忆棉,睡眠骑士床垫企业店,0,0.0,无销量 (支付件数=0 或 支付金额=0)
213,681329795203,睡眠骑士透气压缩盒子床垫记忆棉酒店独立弹簧席梦思家用空气纤维,睡眠骑士床垫企业店,0,0.0,无销量 (支付件数=0 或 支付金额=0)
214,682210995554,ROZO盒子20cm厚床垫席梦思硬垫弹簧1.5m记忆棉软垫家用15厘米酒店,rozo家具旗舰店,0,0.0,无销量 (支付件数=0 或 支付金额=0)
215,684037969223,软床垫加硬神器薄床垫老年人专用护脊椎天然黄麻硬椰棕榈垫榻榻米,派乐熊儿童床垫品牌店,0,0.0,无销量 (支付件数=0 或 支付金额=0)
216,684266009170,草原村肉干风干超干牛肉干内蒙古正宗零食特产香辣200g 独立包装,草原村旗舰店,0,0.0,无销量 (支付件数=0 或 支付金额=0)
217,684904425331,睡眠骑士记忆棉软垫席梦思床垫独立弹簧五星级酒店30cm厚软硬双面,睡眠骑士床垫企业店,0,0.0,无销量 (支付件数=0 或 支付金额=0)
218,686259984650,睡眠骑士天然乳胶床垫席梦思家用软垫学生宿舍单人橡胶薄床垫超软,睡眠骑士床垫企业店,0,0.0,无销量 (支付件数=0 或 支付金额=0)
219,691235260414,可全拆洗天然精细S型黄麻床垫含乳胶椰棕偏硬护脊儿童老人榻榻米,布莱轩尼旗舰店,0,0.0,无销量 (支付件数=0 或 支付金额=0)
220,694006012657,铂马仕慢回弹记忆棉薄床垫榻榻米软垫家用学生宿舍褥子海绵垫,铂马仕旗舰店,0,0.0,无销量 (支付件数=0 或 支付金额=0)
221,694338165397,睡眠骑士盒子床垫压缩席梦思独立袋弹簧酒店软垫天然乳胶1.8m家用,sleepknight旗舰店,0,0.0,无销量 (支付件数=0 或 支付金额=0)
222,694595450814,睡眠骑士全拆全黄麻床垫S精细黄麻乳胶榻榻米偏硬上下铺椰棕儿童,sleepknight旗舰店,0,0.0,无销量 (支付件数=0 或 支付金额=0)
223,696309973219,布莱轩尼1.8m五星酒店超软床垫28cm厚席梦思家用独立袋弹簧含乳胶,布莱轩尼旗舰店,0,0.0,无销量 (支付件数=0 或 支付金额=0)
224,697000978646,睡眠骑士天然乳胶弹簧床垫席梦思五星酒店家用软硬双面床垫子超软,sleepknight旗舰店,0,0.0,无销量 (支付件数=0 或 支付金额=0)
225,698887922921,泰国乳胶黄麻椰棕床垫榻榻米儿童护脊薄垫硬垫家用可定制,梦织葆家居品牌店,0,0.0,无销量 (支付件数=0 或 支付金额=0)
226,698968633493,乳胶记忆棉卷包盒子高箱床薄款床垫软垫家用席梦思独立袋弹簧12cm,梦织葆家居品牌店,0,0.0,无销量 (支付件数=0 或 支付金额=0)
227,702227514587,铂马仕五星级酒店进口乳胶独立弹簧床垫记忆棉软席梦思薄款16cm厚,铂马仕旗舰店,0,0.0,无销量 (支付件数=0 或 支付金额=0)
228,705820084843,ROZO全拆弹簧床垫华夫格无胶水记忆棉席梦思压缩卷包加固软垫家用,rozo家具旗舰店,0,0.0,无销量 (支付件数=0 或 支付金额=0)
229,707278460550,ROZO棕垫原生黄麻儿童椰棕榈家用乳胶薄床垫10cm可拆卸叠可全拆,rozo家具旗舰店,0,0.0,无销量 (支付件数=0 或 支付金额=0)
230,707324074164,婴儿拼接床垫0.5米天然黄麻0.8m幼儿园乳胶新生宝宝儿童椰棕床垫,派乐熊儿童床垫品牌店,0,0.0,无销量 (支付件数=0 或 支付金额=0)
231,708537138570,月光之家全拆式床垫家用软硬可调节独立弹簧席梦思乳胶记忆棉1.8m,moonlightfamily旗舰店,0,0.0,无销量 (支付件数=0 或 支付金额=0)
232,709045966380,月光之家压缩卷包床垫家用记忆棉盒子独立弹簧席梦思可全拆1.8米,moonlightfamily旗舰店,0,0.0,无销量 (支付件数=0 或 支付金额=0)
233,709103747750,派乐熊儿童床垫薄款弹簧硬护脊青少年10cm席梦思高箱床家用12厘米,派乐熊儿童床垫品牌店,0,0.0,无销量 (支付件数=0 或 支付金额=0)
234,711174770742,儿童床垫偏硬护脊无甲醛天然乳胶椰棕黄麻硬垫1.5米1.2可定制折叠,佛山享睡床垫品牌店,0,0.0,无销量 (支付件数=0 或 支付金额=0)
235,712961344401,环保乳胶床垫薄款独立弹簧10cm厚席梦思软垫家用15厘米高箱床定制,棕葆王国品牌店,0,0.0,无销量 (支付件数=0 或 支付金额=0)
236,716238252589,派乐熊全拆儿童床垫可拆卸0胶水工艺调节软硬护脊独立弹簧席梦思,派乐熊儿童床垫品牌店,0,0.0,无销量 (支付件数=0 或 支付金额=0)
237,719360837709,床垫工厂压缩卷包盒子记忆棉席梦思家用弹簧床垫五星级酒店,ZB五星优选床垫,0,0.0,无销量 (支付件数=0 或 支付金额=0)
238,719581195885,记忆棉独立弹簧压缩床垫家用静音席梦思五星酒店20厚卷包盒子定制,ZB五星优选床垫,0,0.0,无销量 (支付件数=0 或 支付金额=0)
239,720972368316,草原村 超干牛肉干 风干牛肉干内蒙古零食特产手撕正宗香辣200g,牛元帅草原食品店,0,0.0,无销量 (支付件数=0 或 支付金额=0)
240,721747535805,原味咸菜疙瘩草原村风干芥肉干内蒙通辽金芥菜干特产开罐即食488g,牛元帅草原食品店,0,0.0,无销量 (支付件数=0 或 支付金额=0)
241,721753123620,草原村通辽特产手切芥肉干 咸菜片 内蒙古风干疙瘩干开罐即食120g,牛元帅草原食品店,0,0.0,无销量 (支付件数=0 或 支付金额=0)
242,722680648073,睡眠骑士儿童专用床垫天然黄麻偏硬护脊20cm厚独立袋弹簧乳胶双面,sleepknight旗舰店,0,0.0,无销量 (支付件数=0 或 支付金额=0)
243,723097783772,睡眠骑士 儿童床垫S黄麻全黄麻榻榻米硬垫天然乳胶家用上下铺床垫,sleepknight旗舰店,0,0.0,无销量 (支付件数=0 或 支付金额=0)
244,723858525734,压缩卷包独立袋18cm矮弹簧凝胶记忆棉席梦思盒子乳胶软薄床垫家用,CEFALU旗舰店,0,0.0,无销量 (支付件数=0 或 支付金额=0)
245,724185808946,铂马仕乳胶床垫超软席梦思独立弹簧家用2米加厚30cm星级酒店软垫,铂马仕旗舰店,0,0.0,无销量 (支付件数=0 或 支付金额=0)
246,724927890047,草原村风干牛肉粒手撕零食内蒙古特产原味香辣孜然边角料100g*2,草原村旗舰店,0,0.0,无销量 (支付件数=0 或 支付金额=0)
247,727360576564,派乐熊全拆记忆棉酷布袋儿童弹簧床垫软硬可调护脊黄麻席梦思20cm,派乐熊儿童床垫品牌店,0,0.0,无销量 (支付件数=0 或 支付金额=0)
248,730283356915,ROZO卷包记忆棉盒子高箱床垫席梦思家用压缩薄款弹簧软硬12/15CM,rozo家具旗舰店,0,0.0,无销量 (支付件数=0 或 支付金额=0)
249,733554466158,草原村 肥瘦牛肉干风干牛肉干内蒙古特产肉类零食休闲食品200g,草原村旗舰店,0,0.0,无销量 (支付件数=0 或 支付金额=0)
250,737035834771,甜蜜睡眠酣梦马尾毛手工拉扣床垫羊毛顶垫无胶水双层弹簧家用适中,甜蜜睡眠旗舰店,0,0.0,无销量 (支付件数=0 或 支付金额=0)
251,739585234559,儿童专用偏硬护脊椎独立袋弹簧席梦思床垫环保椰棕黄麻硬薄床垫,CEFALU旗舰店,0,0.0,无销量 (支付件数=0 或 支付金额=0)
252,740691021617,记忆棉盒子压缩弹簧床垫席梦思卷包乳胶软垫家用五星酒店,梦织葆家居品牌店,0,0.0,无销量 (支付件数=0 或 支付金额=0)
253,740817220931,睡眠骑士天然乳胶床垫五星级酒店薄款独立弹簧10cm席梦思15cm家用,sleepknight旗舰店,0,0.0,无销量 (支付件数=0 或 支付金额=0)
254,741194175979,睡眠骑士乳胶床垫五星级酒店床垫席梦思记忆棉加厚30cm厚家用软垫,sleepknight旗舰店,0,0.0,无销量 (支付件数=0 或 支付金额=0)
255,743037999905,铂马仕天然乳胶床垫独立弹簧软垫压缩厚款席梦思椰棕硬垫家用双人,佛山享睡床垫品牌店,0,0.0,无销量 (支付件数=0 或 支付金额=0)
256,749758198968,睡眠骑士30cm厚席梦思床垫天然乳胶独立弹簧五星级酒店记忆棉软垫,sleepknight旗舰店,0,0.0,无销量 (支付件数=0 或 支付金额=0)
257,749783467915,睡眠骑士30cm厚席梦思床垫天然乳胶独立弹簧五星级酒店记忆棉软垫,sleepknight旗舰店,0,0.0,无销量 (支付件数=0 或 支付金额=0)
258,753999986705,悠梦思儿童床垫乳胶独立弹簧1.5米护脊偏硬椰棕1.2席梦思家用20cm,yarges悠梦思旗舰店,0,0.0,无销量 (支付件数=0 或 支付金额=0)
259,760423874552,派乐熊儿童专用床垫加密独立袋弹簧青少年偏硬护脊席梦思学生家用,派乐熊旗舰店,0,0.0,无销量 (支付件数=0 或 支付金额=0)
260,761822889107,优群席梦思五星级酒店床垫超软30cm独立弹簧乳胶软垫硬垫家用专用,优群家居正品商城,0,0.0,无销量 (支付件数=0 或 支付金额=0)
261,761889583290,石墨烯五星级酒店床垫软垫硬垫30cm厚乳胶超软独立弹簧席梦思床垫,优群家居正品商城,0,0.0,无销量 (支付件数=0 或 支付金额=0)
262,764051471559,派乐熊儿童床垫弹簧偏硬席梦思1.2m无椰棕护脊青少年1.5甲醛合格,派乐熊旗舰店,0,0.0,无销量 (支付件数=0 或 支付金额=0)
263,765179918465,草原村风干牛肉干礼盒定制内蒙古特产大礼包零食送高端礼品2309g,草原村旗舰店,0,0.0,无销量 (支付件数=0 或 支付金额=0)
264,766296627170,派乐熊儿童专用S形护脊黄麻床垫榻榻米上下铺学生宿舍可定制折叠,派乐熊旗舰店,0,0.0,无销量 (支付件数=0 或 支付金额=0)
265,776238833685,乳胶弹簧床垫100天免费试睡卷包压缩席梦思优群记忆棉盒子装床垫,优群家居正品商城,0,0.0,无销量 (支付件数=0 或 支付金额=0)
266,779911497809,铂马仕儿童黄麻床垫护脊专用硬垫青少年薄棕垫榻榻米乳胶折叠,铂马仕旗舰店,0,0.0,无销量 (支付件数=0 或 支付金额=0)
267,781590325086,悠梦思黄麻床垫儿童护脊乳胶偏硬无异味椰棕垫榻榻米定制折叠家用,yarges悠梦思旗舰店,0,0.0,无销量 (支付件数=0 或 支付金额=0)
268,788154508017,双人20cm厚乳胶记忆棉黄麻软硬席梦思家用1.8m卧室独立弹簧床垫,麻师傅家具旗舰店,0,0.0,无销量 (支付件数=0 或 支付金额=0)
269,788459427143,睡眠骑士现代简约意式轻奢主卧大床1.8米实木双人软包真皮床北欧,睡眠骑士床垫企业店,0,0.0,无销量 (支付件数=0 或 支付金额=0)
270,793568860739,睡眠骑士现代简约意式轻奢主卧大床1.8米实木双人软包真皮床北欧,睡眠骑士床垫企业店,0,0.0,无销量 (支付件数=0 或 支付金额=0)
271,794523050026,麻师傅天然S形黄麻床垫加硬薄10cm家用老人儿童护腰脊含乳胶椰棕,麻师傅家具旗舰店,0,0.0,无销量 (支付件数=0 或 支付金额=0)
273,799457275493,甜蜜睡眠智能电动床自动遥控多功能可升降悬浮高端双人床架零重力,甜蜜睡眠旗舰店,0,0.0,无销量 (支付件数=0 或 支付金额=0)
274,805465471179,月光之家儿童青少年专用独立弹簧床垫乳胶记忆棉可全拆1.8米20cm,moonlightfamily旗舰店,0,0.0,无销量 (支付件数=0 或 支付金额=0)
275,812593117720,月光之家超软5cm记忆棉独立袋弹簧床垫家用席梦思双人五星级加厚,moonlightfamily旗舰店,0,0.0,无销量 (支付件数=0 或 支付金额=0)
276,813319090283,派乐熊儿童榻榻米黄麻床垫偏硬护脊青少年学生上下铺定制折叠,派乐熊儿童床垫品牌店,0,0.0,无销量 (支付件数=0 或 支付金额=0)
277,819349063041,定制床垫,睡眠骑士床垫企业店,0,0.0,无销量 (支付件数=0 或 支付金额=0)
278,822289612077,优群席梦思床垫15cm超薄款乳胶弹簧高箱床垫10公分家用卧室可定制,优群家居正品商城,0,0.0,无销量 (支付件数=0 或 支付金额=0)
279,830205989496,ROZO可拆卸黄麻弹簧床垫乳胶记忆棉席梦思厚床垫护腰护脊可洗家用,rozo家具旗舰店,0,0.0,无销量 (支付件数=0 或 支付金额=0)
280,842112947336,睡眠骑士自在可调节全拆床垫独立袋弹簧席梦思家用卧室厚酒店软垫,sleepknight旗舰店,0,0.0,无销量 (支付件数=0 或 支付金额=0)
281,842139941148,凯菲露可全拆洗S黄麻乳胶床垫国家补贴独立袋弹簧硬垫子家用卧室,凯菲露家具旗舰店,0,0.0,无销量 (支付件数=0 或 支付金额=0)
282,844432295355,甜蜜睡眠向云端床垫马尾毛顶奢高端纯手工麻布袋弹簧无胶羊毛蚕丝,甜蜜睡眠旗舰店,0,0.0,无销量 (支付件数=0 或 支付金额=0)
283,844802141789,甜蜜睡眠大象耳朵实木真皮床现代简约意式轻奢双人软包主卧大床,甜蜜睡眠旗舰店,0,0.0,无销量 (支付件数=0 或 支付金额=0)
284,845855087334,草原村风干牛肉干600g混合口味原味香辣孜然囤货装内蒙古特产,草原村旗舰店,0,0.0,无销量 (支付件数=0 或 支付金额=0)
285,849248993123,凯菲露简白记忆棉卷包床垫家用软垫学生宿舍榻榻米改善睡感可拆洗,凯菲露家具旗舰店,0,0.0,无销量 (支付件数=0 或 支付金额=0)
286,850767088181,乳胶黄麻棕席梦思独立弹簧护脊床垫家用卧室软硬双面偏硬护脊1.8m,佛山享睡床垫品牌店,0,0.0,无销量 (支付件数=0 或 支付金额=0)
287,852031338309,麻师傅天然黄麻床垫椰棕榈加硬10cm厚家用老人儿童护腰脊记忆棉,麻师傅家具旗舰店,0,0.0,无销量 (支付件数=0 或 支付金额=0)
288,864098873484,铂马仕酒店采购定制差价链接P11,铂马仕旗舰店,0,0.0,无销量 (支付件数=0 或 支付金额=0)
289,876370299242,睡眠骑士20cm厚记忆棉床垫席梦思软垫五星级酒店天然黄麻家用硬垫,睡眠骑士床垫企业店,0,0.0,无销量 (支付件数=0 或 支付金额=0)
290,877237336717,睡眠骑士记忆棉床垫20cm厚 家用软垫五星级酒店双面独立弹簧硬垫,睡眠骑士床垫企业店,0,0.0,无销量 (支付件数=0 或 支付金额=0)
291,886386751536,月光之家乳胶床垫15cm超薄款独立弹簧席梦思家用记忆棉软垫20厘米,moonlightfamily旗舰店,0,0.0,无销量 (支付件数=0 或 支付金额=0)
292,892402534896,麻师傅S形黄麻床垫家用榻榻米折叠硬护腰脊老人含乳胶记忆棉椰棕,麻师傅家具旗舰店,0,0.0,无销量 (支付件数=0 或 支付金额=0)
293,896910180035,草原村 风干牛肉块牛肉粒正宗内蒙古特产休闲零食独立小包装368g,草原村旗舰店,0,0.0,无销量 (支付件数=0 或 支付金额=0)
294,900646117990,悠梦思天然乳胶席梦思1.8米独立袋弹簧厚床垫1.5家用护脊椰棕硬垫,yarges悠梦思旗舰店,0,0.0,无销量 (支付件数=0 或 支付金额=0)
295,911921175837,派乐熊儿童床垫手工拉扣席梦思0胶酷布独立袋装护脊弹簧卧室家用,PARELER BEAR旗舰店,0,0.0,无销量 (支付件数=0 或 支付金额=0)
296,922339368368,记忆棉盒子压缩席梦思弹簧乳胶床垫软垫家用卧室20cm,佛山享睡床垫品牌店,0,0.0,无销量 (支付件数=0 或 支付金额=0)
297,943746277490,ROZO软床垫加硬神器天然黄麻护腰护脊薄款偏硬板棕榈床垫子家用,rozo家具旗舰店,0,0.0,无销量 (支付件数=0 或 支付金额=0)
298,945609700826,【国家补贴】铂马仕甜睡全拆弹簧床垫席梦思酒店乳胶软垫两用30cm,铂马仕旗舰店,0,0.0,无销量 (支付件数=0 或 支付金额=0)
299,948414467221,麻师傅弹簧床垫20cm厚家用席梦思护腰脊黄麻儿童老人含乳胶记忆棉,麻师傅家具旗舰店,0,0.0,无销量 (支付件数=0 或 支付金额=0)
300,950251295527,凯菲露桑野可拆洗护脊乳胶S型精细黄麻床垫榻榻米硬垫家用卧室8cm,凯菲露家具旗舰店,0,0.0,无销量 (支付件数=0 或 支付金额=0)
301,955264781832,睡眠骑士榻榻米床垫天然黄麻定制尺寸乳胶椰棕硬垫护脊床垫子儿童,睡眠骑士床垫企业店,0,0.0,无销量 (支付件数=0 或 支付金额=0)
302,955686925505,睡眠骑士榻榻米床垫天然黄麻定制尺寸乳胶椰棕硬垫护脊床垫子儿童,sleepknight旗舰店,0,0.0,无销量 (支付件数=0 或 支付金额=0)
303,956022707743,睡眠骑士【定制专享床垫】天然乳胶席梦思弹簧软垫家用可调节黄麻,sleepknight旗舰店,0,0.0,无销量 (支付件数=0 或 支付金额=0)
304,959231501272,蓝色卷包压缩床垫23cm加硬款优群床垫直营卷包席梦思记忆棉弹簧,优群家居正品商城,0,0.0,无销量 (支付件数=0 或 支付金额=0)
305,959747877681,悠梦思加厚乳胶1.8米独立袋弹簧床垫1.5m超软席梦思五星酒店软垫,yarges悠梦思旗舰店,0,0.0,无销量 (支付件数=0 或 支付金额=0)
306,960629771293,派乐熊儿童榻榻米黄麻床垫偏硬护脊青少年学生上下铺定制折叠,PARELER BEAR旗舰店,0,0.0,无销量 (支付件数=0 或 支付金额=0)
307,962542794106,铂马仕梦里5cm厚乳胶席梦思弹簧床垫酒店软垫1.8m家用软硬两用1.5,铂马仕旗舰店,0,0.0,无销量 (支付件数=0 或 支付金额=0)
308,963292818413,睡眠骑士榻榻米床垫天然黄麻定制尺寸乳胶椰棕硬垫护脊床垫子儿童,sleepknight旗舰店,0,0.0,无销量 (支付件数=0 或 支付金额=0)
309,963648545830,铂马仕学生宿舍记忆棉床垫榻榻米软垫单人租房专用双面睡感薄垫子,铂马仕旗舰店,0,0.0,无销量 (支付件数=0 或 支付金额=0)
310,964555917900,睡眠骑士软床加硬垫家用护脊护脊床垫加硬神器不塌陷天然黄麻乳胶,睡眠骑士床垫企业店,0,0.0,无销量 (支付件数=0 或 支付金额=0)
311,969168702425,悠梦思可调节全拆卸乳胶床垫独立弹簧席梦思护腰脊22cm厚家用软垫,yarges悠梦思旗舰店,0,0.0,无销量 (支付件数=0 或 支付金额=0)
312,969575098244,悠梦思软床加硬神器S型精细黄麻儿童床垫护腰脊棕垫薄榻榻米家用,yarges悠梦思旗舰店,0,0.0,无销量 (支付件数=0 或 支付金额=0)
313,970245193394,派乐熊儿童S形黄麻床垫叠加软床专用加硬神器护腰脊椰棕榻榻米,PARELER BEAR旗舰店,0,0.0,无销量 (支付件数=0 或 支付金额=0)
314,971394519217,甜蜜睡眠云境床垫纯手工拉扣0胶水马尾毛弹簧席梦思高端酒店超软,甜蜜睡眠旗舰店,0,0.0,无销量 (支付件数=0 或 支付金额=0)
315,972099515684,派乐熊儿童S形黄麻床垫叠加软床专用加硬神器护腰脊椰棕榻榻米,派乐熊旗舰店,0,0.0,无销量 (支付件数=0 或 支付金额=0)
316,972736100514,草原村零食小包装原味儿童牛肉干风干内蒙古特产办公室独立45g,草原村旗舰店,0,0.0,无销量 (支付件数=0 或 支付金额=0)
317,979741050405,甜蜜睡眠床垫加硬神器黄麻硬垫子护脊天然乳胶软床变硬棕垫透气薄,甜蜜睡眠旗舰店,0,0.0,无销量 (支付件数=0 或 支付金额=0)
318,980679058484,睡眠骑士全拆薄床垫独立袋弹簧天然乳胶椰棕家用15cm高箱床10公分,睡眠骑士床垫企业店,0,0.0,无销量 (支付件数=0 或 支付金额=0)
319,980772162436,铂马仕软床垫加硬神器天然黄麻护腰护脊薄矮偏硬板棕榈床垫子1.8m,铂马仕旗舰店,0,0.0,无销量 (支付件数=0 或 支付金额=0)
320,984757513955,月光之家软床垫加硬专用神器黄麻护腰护脊硬薄棕垫家用可全拆1.8m,moonlightfamily旗舰店,0,0.0,无销量 (支付件数=0 或 支付金额=0)
321,988694528792,草原村 风干牛肉干一口一个内蒙古特产休闲零食独立小包装100克,草原村旗舰店,0,0.0,无销量 (支付件数=0 或 支付金额=0)
322,988697036650,草原村 风干牛肉干一口一个内蒙古特产休闲零食独立小包装250克,草原村旗舰店,0,0.0,无销量 (支付件数=0 或 支付金额=0)
323,989000159102,家用席梦思床垫独立弹簧厚硬垫软垫1.8米天然乳胶黄麻十大名牌,ZB五星优选床垫,0,0.0,无销量 (支付件数=0 或 支付金额=0)
324,992139449419,麻师傅天然S形黄麻床垫加硬神器椰棕软床变硬专用儿童老人护腰脊,麻师傅诺隆专卖店,0,0.0,无销量 (支付件数=0 或 支付金额=0)
325,992553801388,麻师傅S型黄麻床垫折叠学生榻榻米10cm15椰棕乳胶老人加硬护腰脊,麻师傅诺隆专卖店,0,0.0,无销量 (支付件数=0 或 支付金额=0)
326,993421104219,家用卧室薄S形乳胶黄麻床垫席梦思加硬神器10cm老人护脊天然椰棕,麻师傅诺隆专卖店,0,0.0,无销量 (支付件数=0 或 支付金额=0)
327,997000088960,0.1元入会有价好礼,yarges悠梦思旗舰店,0,0.0,无销量 (支付件数=0 或 支付金额=0)
328,997632685844,全拆双S形精细黄麻床垫软加硬神器老人儿童护腰脊椰棕乳胶榻榻米,麻师傅诺隆专卖店,0,0.0,无销量 (支付件数=0 或 支付金额=0)
329,997975737989,麻师傅全拆薄S形黄麻床垫家用学生宿舍10cm儿童老人护脊加硬椰棕,麻师傅舒梦专卖店,0,0.0,无销量 (支付件数=0 或 支付金额=0)
330,998122588944,政府补贴悠梦思5CM乳胶独立弹簧床垫1.8米1.5m五星酒店席梦思黄麻,yarges悠梦思旗舰店,0,0.0,无销量 (支付件数=0 或 支付金额=0)
331,998173089111,麻师傅软床加硬专用神器S形黄麻床垫椰棕青年儿童老人孕妇护腰脊,麻师傅舒梦专卖店,0,0.0,无销量 (支付件数=0 或 支付金额=0)
332,998191509878,麻师傅S型黄麻床垫折叠学生榻榻米10cm15椰棕乳胶老人加硬护腰脊,麻师傅舒梦专卖店,0,0.0,无销量 (支付件数=0 或 支付金额=0)
333,998868375193,麻师傅儿童护脊椎专用加硬黄麻床垫叠加软床乳胶3D上下床榻榻米,麻师傅诺隆专卖店,0,0.0,无销量 (支付件数=0 或 支付金额=0)
334,1008100133649,派乐熊全拆儿童床垫可拆卸0胶水工艺调节软硬护脊独立弹簧席梦思,PARELER BEAR旗舰店,0,0.0,无销量 (支付件数=0 或 支付金额=0)
335,1008173923535,铂马仕云朵全拆弹簧床垫席梦思乳胶软垫酒店可调节软硬家用床垫硬,铂马仕旗舰店,0,0.0,无销量 (支付件数=0 或 支付金额=0)
336,1009925710553,睡眠骑士sleepknight 凝胶记忆棉薄床垫慢回弹榻榻米软垫学生宿舍,sleepknight旗舰店,0,0.0,无销量 (支付件数=0 或 支付金额=0)
337,1010734450057,记忆棉盒子压缩席梦思弹簧乳胶床垫软垫家用卧室硬垫官方十大名牌,ZB五星优选床垫,0,0.0,无销量 (支付件数=0 或 支付金额=0)
338,1011715941283,乳胶记忆棉卷包盒子榻榻米薄款床垫软垫家用席梦思独立袋弹簧12cm,ZB五星优选床垫,0,0.0,无销量 (支付件数=0 或 支付金额=0)
339,1013117086041,加硬护脊天然黄麻椰棕环保榈垫10cm偏硬床垫子十大名牌官方可定制,ZB五星优选床垫,0,0.0,无销量 (支付件数=0 或 支付金额=0)
340,1013929919380,铂马仕云梦可全拆弹簧床垫席梦思软硬两用护脊黄麻加硬垫1.8米2m,铂马仕旗舰店,0,0.0,无销量 (支付件数=0 或 支付金额=0)
341,1014615270833,15公分薄独立袋弹簧床垫家用10cm12含乳胶黄麻儿童榻榻米席梦思,麻师傅家具旗舰店,0,0.0,无销量 (支付件数=0 或 支付金额=0)
342,1016976114790,派乐熊儿童床垫手工拉扣席梦思0胶酷布独立袋装护脊弹簧卧室家用,派乐熊儿童床垫品牌店,0,0.0,无销量 (支付件数=0 或 支付金额=0)
343,1017309467858,席梦独立薄弹簧思床垫天然乳胶黄麻护脊硬软垫1.5米家用十大名牌,梦织葆家居品牌店,0,0.0,无销量 (支付件数=0 或 支付金额=0)
344,1018624465000,派乐熊儿童床垫手工拉扣席梦思0胶酷布独立袋装护脊弹簧卧室家用,派乐熊旗舰店,0,0.0,无销量 (支付件数=0 或 支付金额=0)
345,1024132523169,moonlightfamily月光之家床垫定制专拍,moonlightfamily旗舰店,0,0.0,无销量 (支付件数=0 或 支付金额=0)
346,1030615680010,麻师傅全拆S型黄麻床垫护腰脊家用儿童老人可调含乳胶记忆棉椰棕,麻师傅家具旗舰店,0,0.0,无销量 (支付件数=0 或 支付金额=0)
347,1032571313703,甜蜜睡眠儿童床垫护脊无甲醛母婴同睡青少年专用加硬黄麻可拆透气,甜蜜睡眠旗舰店,0,0.0,无销量 (支付件数=0 或 支付金额=0)
348,1034081360030,凯菲露乳胶记忆棉黄麻护脊独立袋弹簧家用防塌五星酒店睡感1.8米,凯菲露家具旗舰店,0,0.0,无销量 (支付件数=0 或 支付金额=0)
349,1034619964624,席梦护脊思弹簧记忆棉乳胶偏硬床垫1.5酒店1.8米椰棕20cm双人家用,ZB五星优选床垫,0,0.0,无销量 (支付件数=0 或 支付金额=0)
350,1035175654314,【政府补贴】悠梦思弹簧乳胶床垫席梦思天然黄麻护脊家用可拆洗垫,yarges悠梦思旗舰店,0,0.0,无销量 (支付件数=0 或 支付金额=0)
351,1035464187763,悠梦思高端拉扣床垫手工马尾毛独立袋弹簧席梦思家用卧室超软硬垫,yarges悠梦思旗舰店,0,0.0,无销量 (支付件数=0 或 支付金额=0)
352,1040541742510,甜蜜睡眠星野床垫手工马尾毛天然环保羊毛顶垫弹簧席梦思家用,甜蜜睡眠旗舰店,0,0.0,无销量 (支付件数=0 或 支付金额=0)
353,1041952219484,草原村超干风干牛肉干9成干正宗内蒙古特产办公室休闲零食50g,草原村旗舰店,0,0.0,无销量 (支付件数=0 或 支付金额=0)
354,1042356724048,甜蜜睡眠静屿床垫天然马尾毛纯手工无胶水弹簧席梦思偏软羊毛家用,甜蜜睡眠旗舰店,0,0.0,无销量 (支付件数=0 或 支付金额=0)
355,1045216668254,悠梦思可调节全拆独立弹簧床垫16cm薄款偏软家用可水洗榻榻米卧室,yarges悠梦思旗舰店,0,0.0,无销量 (支付件数=0 或 支付金额=0)
356,1045236379302,铂马仕馨眠乳胶床垫弹簧席梦思软垫酒店睡感1.8m家用软硬两用床垫,铂马仕旗舰店,0,0.0,无销量 (支付件数=0 或 支付金额=0)
357,1045378094167,甜蜜睡眠黄麻床垫天然环保护脊加硬榻榻米高箱床卧室家用薄款折叠,甜蜜睡眠旗舰店,0,0.0,无销量 (支付件数=0 或 支付金额=0)
358,1045656474293,月光之家S型黄麻床垫薄棕垫硬护脊家用卧室无胶豆麻全拆软硬可调,moonlightfamily旗舰店,0,0.0,无销量 (支付件数=0 或 支付金额=0)
359,1046332093454,甜蜜睡眠床垫独立小弹簧手工席梦思乳胶护脊高箱床卧室家用12cm薄,甜蜜睡眠旗舰店,0,0.0,无销量 (支付件数=0 或 支付金额=0)
360,1046598681778,月光之家全拆乳胶床垫家用独立弹簧席梦思软硬可调加厚记忆棉1.8m,moonlightfamily旗舰店,0,0.0,无销量 (支付件数=0 或 支付金额=0)
361,1046602401400,月光之家S型天然黄麻床垫薄乳胶榻榻米棕垫硬儿童全拆软硬度可调,moonlightfamily旗舰店,0,0.0,无销量 (支付件数=0 或 支付金额=0)
362,1046624245844,月光之家乳胶床垫家用独立弹簧黄麻记忆棉席梦思卧室全拆软硬可调,moonlightfamily旗舰店,0,0.0,无销量 (支付件数=0 或 支付金额=0)
363,1047216536492,甜蜜睡眠弹簧床垫黄麻偏硬护脊儿童乳胶薄垫榻榻米高箱床家用10cm,甜蜜睡眠旗舰店,0,0.0,无销量 (支付件数=0 或 支付金额=0)
364,1047224258045,铂马仕悦眠弹簧床垫乳胶席梦思软垫家用护脊硬垫适中记忆棉透气垫,铂马仕旗舰店,0,0.0,无销量 (支付件数=0 或 支付金额=0)
365,1048206181331,加硬护脊天然黄麻椰棕环保榈垫10cm偏硬床垫子十大名牌官方可定制,ZB五星优选床垫,0,0.0,无销量 (支付件数=0 或 支付金额=0)
366,1048647731038,悠梦思儿童可拆卸弹簧床垫1.5偏硬席梦思1.2米护脊黄麻家用卧室,yarges悠梦思旗舰店,0,0.0,无销量 (支付件数=0 或 支付金额=0)
367,1053013359312,麻师傅独立袋弹簧乳胶席梦思床垫12-18CM薄款软硬两用护脊家用,麻师傅舒梦专卖店,0,0.0,无销量 (支付件数=0 或 支付金额=0)
368,1053035436795,悠梦思学生宿舍寝室记忆棉床垫榻榻米薄垫单人专用租房加软褥子,yarges悠梦思旗舰店,0,0.0,无销量 (支付件数=0 或 支付金额=0)
369,1053349230511,悠梦思5cm乳胶席梦思五星酒店独立袋双层弹簧床垫30cm加厚超软垫,yarges悠梦思旗舰店,0,0.0,无销量 (支付件数=0 或 支付金额=0)
370,1053376411024,【政府补贴】悠梦思星宸独立袋弹簧床垫可全拆26cm厚五星酒店家用,yarges悠梦思旗舰店,0,0.0,无销量 (支付件数=0 或 支付金额=0)
371,1056684107951,铂马仕蓝鲸灵全拆洗儿童弹簧床垫0胶水乳胶家用1.5米1.8m护脊硬垫,铂马仕旗舰店,0,0.0,无销量 (支付件数=0 或 支付金额=0)
372,1057826432269,铂马仕儿童天然乳胶S型精细黄麻床垫1.5米棕榈偏硬垫护脊椎床垫薄,铂马仕旗舰店,0,0.0,无销量 (支付件数=0 或 支付金额=0)
373,1057846630673,品味布帆椰棕儿童华夫格面料学生垫乳胶加硬神器榻榻米薄床垫箱床,品味布帆家居旗舰店,0,0.0,无销量 (支付件数=0 或 支付金额=0)
374,1057974723640,睡眠骑士手工马尾毛床垫国家补贴席梦思五星酒店弹簧软垫家用床垫,sleepknight旗舰店,0,0.0,无销量 (支付件数=0 或 支付金额=0)
375,1057993972135,家用席梦思床垫独立弹簧厚硬垫软垫1.8米1.5天然乳胶黄麻十大名牌,佛山享睡床垫品牌店,0,0.0,无销量 (支付件数=0 或 支付金额=0)
376,1058159201845,睡眠骑士手工马尾毛床垫国家补贴席梦思五星酒店弹簧软垫家用床垫,睡眠骑士床垫企业店,0,0.0,无销量 (支付件数=0 或 支付金额=0)
377,1058869918719,月光之家手工拉扣床垫0胶水席梦思超软1.8m马尾毛独立袋弹簧1.5米,moonlightfamily旗舰店,0,0.0,无销量 (支付件数=0 或 支付金额=0)
378,1059106851085,品味布帆护脊床垫双人硬垫子乳胶弹簧记忆棉席梦思厚卧室家用1.8m,品味布帆家居旗舰店,0,0.0,无销量 (支付件数=0 或 支付金额=0)
379,1059415523270,睡眠骑士20cm厚记忆棉床垫席梦思软垫五星级酒店天然黄麻家用硬垫,sleepknight旗舰店,0,0.0,无销量 (支付件数=0 或 支付金额=0)
380,1059558997316,睡眠骑士名匠全拆可调节床垫席梦思无胶家用20cm硬垫天然乳胶黄麻,sleepknight旗舰店,0,0.0,无销量 (支付件数=0 或 支付金额=0)
381,1059589545708,睡眠骑士S1 全拆床垫0胶水家用席梦思天然黄麻护脊酷布四叶草弹簧,sleepknight旗舰店,0,0.0,无销量 (支付件数=0 或 支付金额=0)
382,1059822213793,睡眠骑士五星级酒店床垫双面20cm厚乳胶席梦思硬垫加硬家用记忆棉,sleepknight旗舰店,0,0.0,无销量 (支付件数=0 或 支付金额=0)
383,1060921052152,睡眠骑士薄款独立袋弹簧床垫席梦思10cm厚硬垫子乳胶加硬天然黄麻,sleepknight旗舰店,0,0.0,无销量 (支付件数=0 或 支付金额=0)
384,1060996016765,月光之家全拆家用床垫0胶水独立弹簧席梦思1.8米1.5m无乳胶记忆棉,moonlightfamily旗舰店,0,0.0,无销量 (支付件数=0 或 支付金额=0)
385,1061185889774,睡眠骑士弹簧床垫1.5米1.8酒店乳胶椰棕软硬双面席梦思硬垫经济型,sleepknight旗舰店,0,0.0,无销量 (支付件数=0 或 支付金额=0)
386,1063344707150,派乐熊学生宿舍专用床垫90cmx200cm上下铺单人记忆棉软85cmx190cm,PARELER BEAR旗舰店,0,0.0,无销量 (支付件数=0 或 支付金额=0)
387,1063818254663,天然S型精细环保黄麻椰棕床垫儿童偏硬护脊记忆棉薄垫子棕垫,CEFALU旗舰店,0,0.0,无销量 (支付件数=0 或 支付金额=0)
388,1064171568968,月光之家黄麻床垫家用硬护腰护脊独立弹簧双人乳胶席梦思厚1.8米,moonlightfamily旗舰店,0,0.0,无销量 (支付件数=0 或 支付金额=0)
389,1064343456709,品味布帆护脊床垫双人偏硬垫乳胶独立弹簧席梦思加厚3E棕家用1.8m,品味布帆家居旗舰店,0,0.0,无销量 (支付件数=0 或 支付金额=0)
390,1064370034221,月光之家乳胶床垫子家用席梦思软1.8米加厚记忆棉独立袋弹簧护腰,moonlightfamily旗舰店,0,0.0,无销量 (支付件数=0 或 支付金额=0)
391,1064707997942,麻师傅天然S形黄麻床垫加硬神器软床变硬专用儿童老人护腰脊椰棕,麻师傅家具旗舰店,0,0.0,无销量 (支付件数=0 或 支付金额=0)
392,1065374373070,麻师傅天然黄麻床垫子学生宿舍专用折叠榻榻米护腰脊硬椰棕含乳胶,麻师傅家具旗舰店,0,0.0,无销量 (支付件数=0 或 支付金额=0)
393,1065708999216,悠梦思5cm乳胶五星级酒店1.8米独立袋弹簧床垫超软席梦思家用加厚,yarges悠梦思旗舰店,0,0.0,无销量 (支付件数=0 或 支付金额=0)
394,1066100804255,派乐熊学生宿舍专用床垫90cmx200cm上下铺单人记忆棉软85cmx190cm,派乐熊旗舰店,0,0.0,无销量 (支付件数=0 或 支付金额=0)
395,1066394444216,麻师傅天然黄麻床垫中老年父母长辈专用护腰脊硬垫子榻榻米椰棕榈,麻师傅诺隆专卖店,0,0.0,无销量 (支付件数=0 或 支付金额=0)
396,1067283267075,派乐熊记忆棉枕头【70cm*40cm*10cm】,PARELER BEAR旗舰店,0,0.0,无销量 (支付件数=0 或 支付金额=0)
397,1071225565523,铂马仕学生宿舍小蓝垫薄垫0.9m米记忆棉软垫上下铺单人床垫可拆洗,铂马仕旗舰店,0,0.0,无销量 (支付件数=0 或 支付金额=0)
398,1072162186480,甜蜜睡眠智能床垫手工马尾毛电动升降哄睡神器语音按摩席梦思米家,甜蜜睡眠旗舰店,0,0.0,无销量 (支付件数=0 或 支付金额=0)
399,1074239252851,派乐熊记忆棉床垫学生宿舍折叠榻榻米单人租房可拆洗5/8cm薄软垫,PARELER BEAR旗舰店,0,0.0,无销量 (支付件数=0 或 支付金额=0)
400,1074941335192,派乐熊拼接床儿童窄床垫定制尺寸婴儿加宽床边家用乳胶护脊S黄麻,PARELER BEAR旗舰店,0,0.0,无销量 (支付件数=0 或 支付金额=0)
401,1079287506171,派乐熊记忆棉床垫学生宿舍折叠榻榻米单人租房可拆洗5/8cm薄软垫,派乐熊儿童床垫品牌店,0,0.0,无销量 (支付件数=0 或 支付金额=0)
402,1079327005060,悠梦思学生宿舍寝室记忆棉床垫榻榻米薄垫单人专用租房加软褥子,yarges悠梦思旗舰店,0,0.0,无销量 (支付件数=0 或 支付金额=0)
403,1081347162521,睡眠骑士床垫薄款15cm儿童榻榻米高箱床席梦思独立袋弹簧厚加硬垫,睡眠骑士床垫企业店,0,0.0,无销量 (支付件数=0 或 支付金额=0)
404,1081745692831,麻师傅汉尼斯专用黄麻床垫两用折叠儿童老人护腰脊榻榻米椰棕乳胶,麻师傅家具旗舰店,0,0.0,无销量 (支付件数=0 或 支付金额=0)
405,1083800613564,全拆家用精细黄麻天然S型椰棕床垫硬宿舍儿童老人护脊榻榻米定制m,梦织葆家居品牌店,0,0.0,无销量 (支付件数=0 或 支付金额=0)
406,1085202040599,麻师傅全拆薄黄麻床垫1.8米家用10cm厚儿童老人护脊加硬椰棕乳胶,麻师傅本诺专卖店,0,0.0,无销量 (支付件数=0 或 支付金额=0)
407,1086081924531,麻师傅全拆S形黄麻床垫1.8米家用10cm厚加硬儿童老人护脊椰棕乳胶,麻师傅本诺专卖店,0,0.0,无销量 (支付件数=0 或 支付金额=0)
